docket,amicus_count
20-1199,115
21-1043,12
21-1052,7
21-1086,1
21-1158,5
21-1164,1
21-1168,12
21-1170,6
21-1195,9
21-1270,2
21-1271,27
21-1326,8
21-1333,31
21-1397,16
21-1436,3
21-1449,9
21-1450,7
21-1454,5
21-1484,1
21-1496,8
21-1576,3
21-1599,6
21-376,35
21-432,7
21-442,10
21-454,51
21-468,28
21-476,92
21-757,20
21-806,5
21-846,9
21-857,3
21-86,15
21-869,23
21-887,11
21-908,5
21-984,9
22-10,5
22-1008,30
22-1025,48
22-105,6
22-1074,40
22-1078,18
22-1079,16
22-1165,12
22-1178,2
22-1218,4
22-1238,1
22-138,11
22-148,21
22-166,34
22-174,48
22-179,4
22-193,22
22-196,4
22-200,9
22-210,2
22-227,3
22-23,1
22-277,126
22-324,28
22-340,8
22-381,2
22-429,26
22-448,64
22-451,140
22-49,2
22-500,8
22-506,14
22-529,14
22-535,0
22-58,9
22-585,30
22-611,22
22-6389,4
22-660,14
22-666,3
22-674,10
22-704,14
22-714,6
22-721,6
22-7386,2
22-7466,19
22-800,72
22-807,18
22-842,62
22-846,0
22-859,36
22-888,30
22-899,12
22-913,22
22-915,92
22-96,1
22-976,18
22-982,2
22O141,7
22O145,3
22O156,8
23-1002,6
23-1007,0
23-1038,17
23-1039,9
23-1067,7
23-108,9
23-1095,2
23-1122,45
23-1127,7
23-1141,34
23-1187,2
23-1197,31
23-1201,7
23-1209,11
23-1226,0
23-1229,6
23-1239,22
23-124,14
23-1259,0
23-1270,9
23-1275,27
23-1300,3
23-1324,3
23-1345,8
23-14,4
23-146,1
23-167,1
23-175,72
23-191,6
23-21,4
23-217,8
23-235,49
23-250,0
23-3,3
23-334,1
23-365,5
23-367,10
23-370,4
23-411,46
23-477,83
23-50,9
23-51,14
23-5572,12
23-583,6
23-621,5
23-6573,3
23-677,5
23-713,9
23-715,3
23-719,3
23-726,21
23-7483,1
23-753,7
23-7809,1
23-824,5
23-825,5
23-852,15
23-861,10
23-867,2
23-900,5
23-909,4
23-929,3
23-939,25
23-970,9
23-971,0
23-975,27
23-980,7
23-997,12
23A349,0
24-1021,10
24-1046,27
24-1056,4
24-1063,7
24-1068,7
24-109,20
24-1159,0
24-1234,8
24-1238,9
24-1260,30
24-1287,9
24-154,29
24-171,21
24-20,16
24-249,4
24-275,4
24-297,47
24-304,11
24-316,18
24-320,4
24-345,12
24-351,3
24-354,30
24-362,9
24-394,39
24-416,0
24-440,11
24-482,9
24-539,98
24-5438,7
24-556,6
24-557,7
24-568,14
24-5774,2
24-621,33
24-624,10
24-656,5
24-699,10
24-7,25
24-724,8
24-758,14
24-777,6
24-781,48
24-783,10
24-808,0
24-809,1
24-813,20
24-820,17
24-856,11
24-872,10
24-889,9
24-924,11
24-935,19
24-983,7
24-993,29
24A884,27
25-112,11
25-170,12
25-180,0
25-197,5
25-332,23
25-365,41
25-406,16
25-429,1
25-459,0
25-466,5
25-498,0
25-5,13
25-51,0
25-5146,4
25-52,0
25-579,0
25-6,5
25-83,0
25-95,21
25A312,18
