,coef,se,p
Intercept,2.003,0.5606,0.0004
"C(term_model, Treatment('2022_GPT-5.2'))[T.2022_Claude-4.6]",-0.5789,0.3796,0.1272
"C(term_model, Treatment('2022_GPT-5.2'))[T.2022_Gemini-2.5]",-1.189,0.4441,0.0074
"C(term_model, Treatment('2022_GPT-5.2'))[T.2023_Claude-4.6]",-0.3178,0.5562,0.5678
"C(term_model, Treatment('2022_GPT-5.2'))[T.2023_GPT-5.2]",-0.7598,0.5305,0.1521
"C(term_model, Treatment('2022_GPT-5.2'))[T.2023_Gemini-2.5]",-1.2662,0.5746,0.0275
"C(term_model, Treatment('2022_GPT-5.2'))[T.2024_Claude-4.6]",-1.4116,0.4987,0.0046
"C(term_model, Treatment('2022_GPT-5.2'))[T.2024_GPT-5.2]",-1.3752,0.4992,0.0059
"C(term_model, Treatment('2022_GPT-5.2'))[T.2025_Claude-4.6]",-1.9311,0.5056,0.0001
"C(term_model, Treatment('2022_GPT-5.2'))[T.2025_GPT-5.2]",-1.6681,0.5019,0.0009
"C(issue_group, Treatment('Economic & other'))[T.Criminal Procedure]",0.2114,0.3473,0.5428
"C(issue_group, Treatment('Economic & other'))[T.Judicial Power]",-0.1992,0.3576,0.5774
"C(issue_group, Treatment('Economic & other'))[T.Rights]",0.0032,0.2963,0.9913
"C(lc_direction, Treatment('conservative'))[T.liberal]",0.1402,0.2562,0.5843
"C(lc_direction, Treatment('conservative'))[T.missing]",-1.2799,0.5016,0.0107
"C(lc_direction, Treatment('conservative'))[T.unspecifiable]",1.3497,0.748,0.0712
state_source,1.0673,0.4843,0.0275
log_amicus,0.0153,0.1127,0.8917
