term_dir,docket,distinct,post_decision_chunks,post_argument_chunks,outcome_hit_chunks
term_22,20-1199,True,0,0,0
term_22,21-1043,True,0,0,0
term_22,21-1052,True,0,0,0
term_22,21-1086,True,0,0,0
term_22,21-1158,True,0,0,0
term_22,21-1164,True,0,0,0
term_22,21-1168,True,0,0,0
term_22,21-1170,True,0,0,0
term_22,21-1195,True,0,0,0
term_22,21-1270,True,0,0,0
term_22,21-1271,True,0,0,0
term_22,21-1326,True,0,0,0
term_22,21-1333,True,0,0,0
term_22,21-1397,True,0,0,0
term_22,21-1436,True,0,0,0
term_22,21-1449,True,0,0,0
term_22,21-1450,True,0,0,0
term_22,21-1454,True,0,0,0
term_22,21-1484,True,0,0,0
term_22,21-1496,True,0,0,0
term_22,21-1576,True,0,0,0
term_22,21-1599,True,0,0,0
term_22,21-376,True,0,0,0
term_22,21-432,True,0,0,0
term_22,21-442,True,0,0,0
term_22,21-454,True,0,0,0
term_22,21-468,True,0,0,0
term_22,21-476,True,0,0,0
term_22,21-757,True,0,0,0
term_22,21-806,True,0,0,0
term_22,21-846,True,0,0,0
term_22,21-857,True,0,0,0
term_22,21-86,True,0,0,0
term_22,21-869,True,0,0,0
term_22,21-887,True,0,0,0
term_22,21-908,True,0,0,0
term_22,21-984,True,0,0,0
term_22,22-10,True,0,0,0
term_22,22-1008,True,0,0,0
term_22,22-1025,True,0,0,0
term_22,22-105,True,0,0,0
term_22,22-1074,True,0,0,0
term_22,22-1078,True,0,0,0
term_22,22-1079,True,0,0,0
term_22,22-1165,True,0,0,0
term_22,22-1178,True,0,0,0
term_22,22-1218,True,0,0,0
term_22,22-138,True,0,0,0
term_22,22-148,True,0,0,0
term_22,22-166,True,0,0,0
term_22,22-174,True,0,0,0
term_22,22-179,True,0,0,0
term_22,22-193,True,0,0,0
term_22,22-196,True,0,0,0
term_22,22-200,True,0,0,0
term_22,22-210,True,0,0,0
term_22,22-227,True,0,0,0
term_22,22-23,True,0,0,0
term_22,22-277,True,0,0,0
term_22,22-324,True,0,0,0
term_22,22-340,True,0,0,0
term_22,22-381,False,0,0,2
term_22,22-429,True,0,0,0
term_22,22-448,True,0,0,0
term_22,22-451,True,0,0,0
term_22,22-49,True,0,0,0
term_22,22-500,True,0,0,0
term_22,22-506,True,0,0,0
term_22,22-529,True,0,0,0
term_22,22-535,True,0,0,0
term_22,22-58,True,0,0,0
term_22,22-585,True,0,0,0
term_22,22-611,True,0,0,0
term_22,22-660,True,0,0,0
term_22,22-674,True,0,0,0
term_22,22-704,True,0,0,0
term_22,22-714,True,0,0,0
term_22,22-721,True,0,0,0
term_22,22-800,True,0,0,0
term_22,22-807,True,0,0,0
term_22,22-842,True,0,0,0
term_22,22-859,True,0,0,0
term_22,22-888,True,0,0,0
term_22,22-899,True,0,0,0
term_22,22-913,True,0,0,0
term_22,22-915,True,0,0,0
term_22,22-96,True,0,0,0
term_22,22-976,True,0,0,0
term_22,22-982,True,0,0,0
term_22,22O145,True,0,0,0
term_22,22O156,True,0,0,0
term_23,22-1008,True,0,0,0
term_23,22-1025,True,0,0,0
term_23,22-1074,True,0,0,0
term_23,22-1078,True,0,0,0
term_23,22-1079,True,0,0,0
term_23,22-1165,True,0,0,0
term_23,22-1178,True,0,0,0
term_23,22-1218,True,0,0,0
term_23,22-1238,True,0,0,0
term_23,22-193,True,0,0,0
term_23,22-277,True,0,0,0
term_23,22-324,True,0,0,0
term_23,22-340,True,0,0,0
term_23,22-429,True,0,0,0
term_23,22-448,True,0,0,0
term_23,22-451,True,0,0,0
term_23,22-500,True,0,0,0
term_23,22-529,True,0,0,0
term_23,22-585,True,0,0,0
term_23,22-611,True,0,0,0
term_23,22-6389,True,0,0,0
term_23,22-660,True,0,0,0
term_23,22-666,True,0,0,0
term_23,22-674,True,0,0,0
term_23,22-704,True,0,0,0
term_23,22-721,True,0,0,0
term_23,22-7386,True,0,0,0
term_23,22-800,True,0,0,0
term_23,22-807,True,0,0,0
term_23,22-842,True,0,0,0
term_23,22-846,True,0,0,0
term_23,22-859,True,0,0,0
term_23,22-888,True,0,0,0
term_23,22-899,True,0,0,0
term_23,22-913,True,0,0,0
term_23,22-915,True,0,0,0
term_23,22-976,True,0,0,0
term_23,22-982,True,0,0,0
term_23,22O141,True,0,0,0
term_23,23-108,True,0,0,0
term_23,23-124,True,0,0,0
term_23,23-14,True,0,0,0
term_23,23-146,True,0,0,0
term_23,23-175,True,0,0,0
term_23,23-21,True,0,0,0
term_23,23-235,True,0,0,0
term_23,23-250,True,0,0,0
term_23,23-3,True,0,0,0
term_23,23-334,True,0,0,0
term_23,23-367,True,0,0,0
term_23,23-370,True,0,0,0
term_23,23-411,True,0,0,0
term_23,23-50,True,0,0,0
term_23,23-51,True,0,0,0
term_23,23-5572,True,0,0,0
term_23,23-719,True,0,0,0
term_23,23-726,True,0,0,0
term_23,23-939,True,0,0,0
term_23,23A349,True,0,0,0
term_24,22-7466,True,0,0,0
term_24,23-1002,True,0,0,0
term_24,23-1007,True,0,0,0
term_24,23-1038,True,0,0,0
term_24,23-1039,True,0,0,0
term_24,23-1067,True,0,1,0
term_24,23-1095,True,0,0,0
term_24,23-1122,True,0,0,0
term_24,23-1127,True,0,0,0
term_24,23-1141,True,0,0,0
term_24,23-1187,True,0,0,0
term_24,23-1201,True,0,0,0
term_24,23-1226,True,0,0,0
term_24,23-1229,True,0,0,0
term_24,23-1239,True,0,0,0
term_24,23-1259,True,0,0,0
term_24,23-1270,True,0,0,0
term_24,23-1275,True,0,0,0
term_24,23-1300,True,0,0,0
term_24,23-1324,True,0,0,0
term_24,23-1345,True,0,0,0
term_24,23-167,True,0,0,0
term_24,23-191,True,0,0,0
term_24,23-217,True,0,0,0
term_24,23-365,True,0,0,0
term_24,23-477,True,0,0,0
term_24,23-583,True,0,0,0
term_24,23-621,True,0,0,0
term_24,23-6573,True,0,0,0
term_24,23-677,True,0,0,0
term_24,23-713,True,0,0,0
term_24,23-715,True,0,0,0
term_24,23-7483,True,0,0,0
term_24,23-753,True,0,0,0
term_24,23-7809,True,0,0,0
term_24,23-824,True,0,0,0
term_24,23-825,True,0,0,0
term_24,23-852,True,0,0,0
term_24,23-861,True,0,0,0
term_24,23-867,True,0,0,0
term_24,23-900,True,0,0,0
term_24,23-909,True,0,0,0
term_24,23-929,True,0,0,0
term_24,23-970,True,0,0,0
term_24,23-971,True,0,0,0
term_24,23-975,True,0,0,0
term_24,23-980,True,0,0,0
term_24,23-997,True,0,0,0
term_24,24-154,True,0,0,0
term_24,24-20,True,0,0,0
term_24,24-249,True,0,0,0
term_24,24-275,True,0,0,0
term_24,24-297,True,0,0,0
term_24,24-304,True,0,0,0
term_24,24-316,True,0,0,0
term_24,24-320,True,0,0,0
term_24,24-354,True,0,0,0
term_24,24-362,True,0,0,0
term_24,24-394,True,0,0,0
term_24,24-416,True,0,0,0
term_24,24-656,True,0,0,0
term_24,24-7,True,0,0,0
term_24,24-809,True,0,0,0
term_24,24A884,True,0,0,0
term_25,23-1197,True,0,0,0
term_25,23-1209,True,0,0,0
term_25,24-1021,True,0,0,0
term_25,24-1046,True,0,0,0
term_25,24-1056,True,0,0,0
term_25,24-1063,False,0,0,0
term_25,24-1068,True,0,0,0
term_25,24-109,True,0,1,0
term_25,24-1159,True,0,0,0
term_25,24-1234,True,0,0,0
term_25,24-1238,True,0,0,0
term_25,24-1260,True,0,0,0
term_25,24-1287,True,0,0,0
term_25,24-171,True,0,0,0
term_25,24-345,True,0,0,0
term_25,24-351,True,0,0,0
term_25,24-440,True,0,0,0
term_25,24-482,True,0,0,0
term_25,24-539,True,0,0,0
term_25,24-5438,True,0,0,0
term_25,24-556,True,0,0,0
term_25,24-557,True,0,0,0
term_25,24-568,True,0,0,0
term_25,24-5774,True,0,0,0
term_25,24-621,True,0,0,0
term_25,24-624,True,0,0,0
term_25,24-699,True,0,0,0
term_25,24-724,True,0,0,0
term_25,24-758,True,0,0,0
term_25,24-777,True,0,0,0
term_25,24-781,True,0,0,0
term_25,24-783,True,0,0,0
term_25,24-808,True,0,0,0
term_25,24-813,True,0,0,0
term_25,24-820,True,0,0,0
term_25,24-856,True,0,0,0
term_25,24-872,False,0,0,0
term_25,24-889,True,0,0,0
term_25,24-924,True,0,0,0
term_25,24-935,True,0,0,0
term_25,24-983,True,0,0,0
term_25,24-993,True,0,0,0
term_25,25-112,True,0,0,0
term_25,25-170,True,0,0,0
term_25,25-180,True,0,0,0
term_25,25-197,True,0,0,0
term_25,25-332,True,0,0,0
term_25,25-365,True,0,0,0
term_25,25-406,True,0,0,0
term_25,25-429,True,0,0,0
term_25,25-459,True,0,0,0
term_25,25-466,True,0,0,0
term_25,25-498,True,0,0,0
term_25,25-5,True,0,0,0
term_25,25-51,True,0,0,0
term_25,25-5146,True,0,0,0
term_25,25-52,True,0,0,0
term_25,25-579,True,0,0,0
term_25,25-6,True,0,0,0
term_25,25-83,True,0,0,0
term_25,25-95,True,0,0,0
term_25,25A312,True,0,0,0
