term_dir,pattern,hits,dockets,own_case_hits
term_22,costs,4420,88,315
term_22,judgment_is,31,23,15
term_22,judgment_issued,18,7,8
term_22,mandate,1205,81,155
term_22,opinion_of_the_court,197,71,86
term_22,petition_for_rehearing,364,60,80
term_22,scotus_judgment,12,12,11
term_22,slip_op,189,27,16
term_22,so_ordered,47,26,13
term_22,syllabus,1,1,0
term_23,costs,2916,56,161
term_23,judgment_is,6,5,2
term_23,judgment_issued,1,1,1
term_23,mandate,986,52,114
term_23,opinion_of_the_court,121,43,66
term_23,petition_for_rehearing,171,37,41
term_23,slip_op,209,21,18
term_23,so_ordered,22,14,3
term_24,costs,3266,59,185
term_24,held_colon,1,1,1
term_24,judgment_is,16,9,5
term_24,judgment_issued,25,8,3
term_24,mandate,1289,59,86
term_24,notice_formal_revision,2,2,0
term_24,opinion_of_the_court,112,43,66
term_24,petition_for_rehearing,265,44,81
term_24,slip_op,150,21,30
term_24,so_ordered,43,19,11
term_24,syllabus,2,2,1
term_25,costs,1671,57,158
term_25,delivered_opinion,1,1,0
term_25,held_colon,1,1,0
term_25,judgment_is,7,7,4
term_25,judgment_issued,10,5,4
term_25,mandate,622,55,30
term_25,notice_formal_revision,1,1,0
term_25,opinion_of_the_court,100,41,48
term_25,petition_for_rehearing,187,34,37
term_25,slip_op,84,17,12
term_25,so_ordered,37,19,7
