docket,note,claude_cons,claude_split,gpt_cons,gpt_split,actual,actual_split,claude_mark,gpt_mark,scdb_winner,scdb_split
23-1197,,Petitioner,9-0,Petitioner,8-1,Respondent,6-3,False,False,Respondent,6-3
23-1209,,Petitioner,9-0,Petitioner,6-3,Respondent,9-0,False,False,Respondent,9-0
24-1021,f,Petitioner,9-0,Respondent,6-3,Petitioner,9-0,True,False,Petitioner,9-0
24-1046,,Petitioner,7-2,Petitioner,7-2,Petitioner,6-3,True,True,Petitioner,6-3
24-1056,,Petitioner,8-1,Petitioner,7-2,Petitioner,8-1,True,True,Petitioner,8-1
24-1063,,Respondent,7-2,Respondent,7-2,Petitioner,8-1,False,False,Petitioner,8-1
24-1068,,Petitioner,5-4,Petitioner,6-3,Petitioner,7-2,True,True,Petitioner,7-2
24-109,,Petitioner,8-1,Petitioner,7-2,Respondent,6-3,False,False,Respondent,6-3
24-1159,,Petitioner,9-0,Petitioner,9-0,Petitioner,9-0,True,True,Petitioner,9-0
24-1234,,Petitioner,7-2,Petitioner,7-2,Respondent,9-0,False,False,Respondent,9-0
24-1238,,Petitioner,7-2,Respondent,7-2,Petitioner,9-0,True,False,Petitioner,9-0
24-1260,,Respondent,5-4,Respondent,6-3,Petitioner,5-4,False,False,Petitioner,5-4
24-1287,c,Petitioner,9-0,Petitioner,9-0,Petitioner,6-3,True,True,Petitioner,6-3
24-171,,Petitioner,9-0,Petitioner,9-0,Petitioner,9-0,True,True,Petitioner,9-0
24-345,,Respondent,6-3,Petitioner,8-1,Petitioner,6-3,False,True,Petitioner,6-3
24-351,,Respondent,6-3,Petitioner,5-4,Petitioner,5-4,False,True,Petitioner,5-4
24-440,,Petitioner,5-4,Respondent,5-4,Petitioner,9-0,True,False,Petitioner,9-0
24-482,,Petitioner,9-0,Petitioner,9-0,Petitioner,9-0,True,True,Petitioner,9-0
24-539,,Petitioner,5-4,Respondent,5-4,Petitioner,8-1,True,False,Petitioner,8-1
24-5438,,Petitioner,8-1,Petitioner,5-4,Petitioner,5-4,True,True,Petitioner,5-4
24-556,,Petitioner,7-2,Respondent,7-2,Respondent,8-1,False,True,Respondent,8-1
24-557,,Petitioner,9-0,Petitioner,9-0,Respondent,9-0,False,False,Respondent,9-0
24-568,,Petitioner,9-0,Respondent,9-0,Petitioner,7-2,True,False,Petitioner,7-2
24-5774,,Petitioner,9-0,Petitioner,9-0,Petitioner,9-0,True,True,Petitioner,9-0
24-621,,Respondent,8-1,Respondent,9-0,Petitioner,6-3,False,False,Petitioner,6-3
24-624,,Petitioner,9-0,Petitioner,6-3,Respondent,9-0,False,False,Respondent,9-0
24-699,,Respondent,6-3,Respondent,9-0,Petitioner,6-3,False,False,Petitioner,6-3
24-724,,Petitioner,7-2,Respondent,9-0,Respondent,9-0,False,True,Respondent,9-0
24-758,,Respondent,9-0,Respondent,9-0,Respondent,9-0,True,True,Respondent,9-0
24-777,,Petitioner,7-2,Respondent,6-3,Respondent,9-0,False,True,Respondent,9-0
24-781,,Petitioner,9-0,Respondent,5-4,Petitioner,9-0,True,False,Petitioner,9-0
24-783,,Respondent,9-0,Respondent,9-0,Respondent,9-0,True,True,Respondent,9-0
24-808,,Petitioner,7-2,Respondent,9-0,Respondent,9-0,False,True,Respondent,9-0
24-813,,Respondent,9-0,Respondent,9-0,Petitioner,8-0,False,False,Petitioner,8-0
24-820,,Petitioner,5-4,Respondent,6-3,Respondent,6-3,False,True,Respondent,6-3
24-856,,Petitioner,7-2,Petitioner,6-3,Petitioner,6-3,True,True,Petitioner,6-3
24-872,a,Petitioner,5-4,Petitioner,5-4,,,False,False,Respondent,5-4
24-889,,Petitioner,9-0,Petitioner,6-3,Petitioner,9-0,True,True,Petitioner,9-0
24-924,,Petitioner,8-1,Petitioner,6-3,Petitioner,6-3,True,True,Petitioner,6-3
24-935,,Respondent,9-0,Petitioner,8-1,Respondent,9-0,True,False,Respondent,9-0
24-983,,Petitioner,9-0,Petitioner,8-1,Petitioner,8-1,True,True,Petitioner,8-1
24-993,,Petitioner,9-0,Respondent,5-4,Petitioner,9-0,True,False,Petitioner,9-0
25-112,,Petitioner,9-0,Petitioner,8-1,Petitioner,6-3,True,True,Petitioner,6-3
25-170,b,Respondent,6-3,Respondent,6-3,,,False,False,,
25-180,,Petitioner,7-2,Petitioner,6-3,Petitioner,9-0,True,True,Petitioner,9-0
25-197,,Petitioner,9-0,Petitioner,9-0,Respondent,5-4,False,False,Respondent,5-4
25-332,,Petitioner,5-4,Respondent,5-4,Petitioner,6-3,True,False,Petitioner,6-3
25-365,,Respondent,8-1,Respondent,9-0,Respondent,6-3,True,True,Respondent,6-3
25-406,f,Respondent,7-2,Respondent,9-0,Petitioner,8-1,False,False,Petitioner,8-1
25-429,,Respondent,6-3,Petitioner,7-2,Petitioner,6-3,False,True,Petitioner,6-3
25-459,b,Respondent,7-2,Respondent,7-2,,,False,False,,
25-466,,Petitioner,8-1,Respondent,5-4,Respondent,9-0,False,True,Respondent,9-0
25-498,b,Petitioner,9-0,Respondent,5-4,,,False,False,,
25-5,,Respondent,7-2,Petitioner,6-3,Petitioner,6-3,False,True,Petitioner,6-3
25-51,,Petitioner,7-2,Respondent,7-2,Petitioner,8-1,True,False,Petitioner,8-1
25-5146,,Petitioner,9-0,Petitioner,9-0,Petitioner,9-0,True,True,Petitioner,9-0
25-52,,Petitioner,9-0,Petitioner,9-0,Petitioner,9-0,True,True,Petitioner,9-0
25-579,b,Petitioner,7-2,Petitioner,7-2,,,False,False,,
25-6,,Petitioner,9-0,Petitioner,8-1,Petitioner,9-0,True,True,Petitioner,9-0
25-83,,Petitioner,9-0,Petitioner,6-3,Respondent,9-0,False,False,Respondent,9-0
25-95,d,Petitioner,9-0,Petitioner,8-1,Petitioner,9-0,True,True,Petitioner,9-0
25A312,e,Respondent,6-3,Respondent,7-2,Respondent,5-4,True,True,Respondent,5-4
