,Roberts,Thomas,Alito,Sotomayor,Kagan,Gorsuch,Kavanaugh,Barrett,Jackson
Roberts,1.0,0.742,0.742,0.72,0.78,0.835,0.857,0.813,0.78
Thomas,0.742,1.0,0.78,0.637,0.709,0.83,0.753,0.808,0.709
Alito,0.742,0.78,1.0,0.484,0.643,0.709,0.753,0.764,0.566
Sotomayor,0.72,0.637,0.484,1.0,0.775,0.753,0.709,0.709,0.896
Kagan,0.78,0.709,0.643,0.775,1.0,0.78,0.791,0.802,0.802
Gorsuch,0.835,0.83,0.709,0.753,0.78,1.0,0.824,0.835,0.802
Kavanaugh,0.857,0.753,0.753,0.709,0.791,0.824,1.0,0.835,0.747
Barrett,0.813,0.808,0.764,0.709,0.802,0.835,0.835,1.0,0.769
Jackson,0.78,0.709,0.566,0.896,0.802,0.802,0.747,0.769,1.0
