docket,winner,fantasyscotus_correct
23-1197,Respondent,1
23-1209,Respondent,1
24-1021,Petitioner,0
24-1046,Petitioner,1
24-1056,Petitioner,1
24-1063,Petitioner,1
24-1068,Petitioner,0
24-109,Respondent,1
24-1159,Petitioner,
24-1234,Respondent,1
24-1238,Petitioner,1
24-1260,Petitioner,0
24-1287,Petitioner,1
24-171,Petitioner,1
24-345,Petitioner,1
24-351,Petitioner,1
24-440,Petitioner,1
24-482,Petitioner,1
24-539,Petitioner,1
24-5438,Petitioner,1
24-556,Respondent,1
24-557,Respondent,1
24-568,Petitioner,1
24-5774,Petitioner,1
24-621,Petitioner,1
24-624,Respondent,1
24-699,Petitioner,1
24-724,Respondent,1
24-758,Respondent,1
24-777,Respondent,1
24-781,Petitioner,1
24-783,Respondent,1
24-808,Respondent,1
24-813,Petitioner,1
24-820,Respondent,1
24-856,Petitioner,1
24-872,Respondent,0
24-889,Petitioner,1
24-924,Petitioner,1
24-935,Respondent,1
24-983,Petitioner,1
24-993,Petitioner,1
25-112,Petitioner,0
25-180,Petitioner,
25-197,Respondent,0
25-332,Petitioner,1
25-365,Respondent,1
25-406,Petitioner,1
25-429,Petitioner,1
25-466,Respondent,1
25-5,Petitioner,1
25-51,Petitioner,
25-5146,Petitioner,1
25-52,Petitioner,
25-6,Petitioner,1
25-83,Respondent,1
25-95,Petitioner,1
25A312,Respondent,1
