Term,NaturalCourt,Docket,CaseName,DecisionDate,Justice,VoteDescription,ActualVote,WinningParty
2022,1710,21-454,SACKETT v. ENVIRONMENTAL PROTECTION AGENCY,5/25/2023,JGRoberts,voted with majority or plurality,Petitioner,Petitioner/Appellant won
2022,1710,21-454,SACKETT v. ENVIRONMENTAL PROTECTION AGENCY,5/25/2023,CThomas,regular concurrence,Petitioner,Petitioner/Appellant won
2022,1710,21-454,SACKETT v. ENVIRONMENTAL PROTECTION AGENCY,5/25/2023,SAAlito,voted with majority or plurality,Petitioner,Petitioner/Appellant won
2022,1710,21-454,SACKETT v. ENVIRONMENTAL PROTECTION AGENCY,5/25/2023,SSotomayor,special concurrence,Petitioner,Petitioner/Appellant won
2022,1710,21-454,SACKETT v. ENVIRONMENTAL PROTECTION AGENCY,5/25/2023,EKagan,special concurrence,Petitioner,Petitioner/Appellant won
2022,1710,21-454,SACKETT v. ENVIRONMENTAL PROTECTION AGENCY,5/25/2023,NMGorsuch,regular concurrence,Petitioner,Petitioner/Appellant won
2022,1710,21-454,SACKETT v. ENVIRONMENTAL PROTECTION AGENCY,5/25/2023,BMKavanaugh,special concurrence,Petitioner,Petitioner/Appellant won
2022,1710,21-454,SACKETT v. ENVIRONMENTAL PROTECTION AGENCY,5/25/2023,ACBarrett,voted with majority or plurality,Petitioner,Petitioner/Appellant won
2022,1710,21-454,SACKETT v. ENVIRONMENTAL PROTECTION AGENCY,5/25/2023,KBJackson,special concurrence,Petitioner,Petitioner/Appellant won
2022,1710,22O145,DELAWARE v. PENNSYLVANIA AND WISCONSIN,2/28/2023,JGRoberts,voted with majority or plurality,Respondent,Respondent/Appellee won
2022,1710,22O145,DELAWARE v. PENNSYLVANIA AND WISCONSIN,2/28/2023,CThomas,voted with majority or plurality,Respondent,Respondent/Appellee won
2022,1710,22O145,DELAWARE v. PENNSYLVANIA AND WISCONSIN,2/28/2023,SAAlito,voted with majority or plurality,Respondent,Respondent/Appellee won
2022,1710,22O145,DELAWARE v. PENNSYLVANIA AND WISCONSIN,2/28/2023,SSotomayor,voted with majority or plurality,Respondent,Respondent/Appellee won
2022,1710,22O145,DELAWARE v. PENNSYLVANIA AND WISCONSIN,2/28/2023,EKagan,voted with majority or plurality,Respondent,Respondent/Appellee won
2022,1710,22O145,DELAWARE v. PENNSYLVANIA AND WISCONSIN,2/28/2023,NMGorsuch,voted with majority or plurality,Respondent,Respondent/Appellee won
2022,1710,22O145,DELAWARE v. PENNSYLVANIA AND WISCONSIN,2/28/2023,BMKavanaugh,voted with majority or plurality,Respondent,Respondent/Appellee won
2022,1710,22O145,DELAWARE v. PENNSYLVANIA AND WISCONSIN,2/28/2023,ACBarrett,voted with majority or plurality,Respondent,Respondent/Appellee won
2022,1710,22O145,DELAWARE v. PENNSYLVANIA AND WISCONSIN,2/28/2023,KBJackson,voted with majority or plurality,Respondent,Respondent/Appellee won
2022,1710,21-432,ARELLANO v. MCDONOUGH,1/23/2023,JGRoberts,voted with majority or plurality,Respondent,Respondent/Appellee won
2022,1710,21-432,ARELLANO v. MCDONOUGH,1/23/2023,CThomas,voted with majority or plurality,Respondent,Respondent/Appellee won
2022,1710,21-432,ARELLANO v. MCDONOUGH,1/23/2023,SAAlito,voted with majority or plurality,Respondent,Respondent/Appellee won
2022,1710,21-432,ARELLANO v. MCDONOUGH,1/23/2023,SSotomayor,voted with majority or plurality,Respondent,Respondent/Appellee won
2022,1710,21-432,ARELLANO v. MCDONOUGH,1/23/2023,EKagan,voted with majority or plurality,Respondent,Respondent/Appellee won
2022,1710,21-432,ARELLANO v. MCDONOUGH,1/23/2023,NMGorsuch,voted with majority or plurality,Respondent,Respondent/Appellee won
2022,1710,21-432,ARELLANO v. MCDONOUGH,1/23/2023,BMKavanaugh,voted with majority or plurality,Respondent,Respondent/Appellee won
2022,1710,21-432,ARELLANO v. MCDONOUGH,1/23/2023,ACBarrett,voted with majority or plurality,Respondent,Respondent/Appellee won
2022,1710,21-432,ARELLANO v. MCDONOUGH,1/23/2023,KBJackson,voted with majority or plurality,Respondent,Respondent/Appellee won
2022,1710,21-1086,ALLEN v. MILLIGAN,6/8/2023,JGRoberts,voted with majority or plurality,Respondent,Respondent/Appellee won
2022,1710,21-1086,ALLEN v. MILLIGAN,6/8/2023,CThomas,dissent,Petitioner,Respondent/Appellee won
2022,1710,21-1086,ALLEN v. MILLIGAN,6/8/2023,SAAlito,dissent,Petitioner,Respondent/Appellee won
2022,1710,21-1086,ALLEN v. MILLIGAN,6/8/2023,SSotomayor,voted with majority or plurality,Respondent,Respondent/Appellee won
2022,1710,21-1086,ALLEN v. MILLIGAN,6/8/2023,EKagan,voted with majority or plurality,Respondent,Respondent/Appellee won
2022,1710,21-1086,ALLEN v. MILLIGAN,6/8/2023,NMGorsuch,dissent,Petitioner,Respondent/Appellee won
2022,1710,21-1086,ALLEN v. MILLIGAN,6/8/2023,BMKavanaugh,regular concurrence,Respondent,Respondent/Appellee won
2022,1710,21-1086,ALLEN v. MILLIGAN,6/8/2023,ACBarrett,dissent,Petitioner,Respondent/Appellee won
2022,1710,21-1086,ALLEN v. MILLIGAN,6/8/2023,KBJackson,voted with majority or plurality,Respondent,Respondent/Appellee won
2022,1710,21-442,REED v. GOERTZ,4/19/2023,JGRoberts,voted with majority or plurality,Petitioner,Petitioner/Appellant won
2022,1710,21-442,REED v. GOERTZ,4/19/2023,CThomas,dissent,Respondent,Petitioner/Appellant won
2022,1710,21-442,REED v. GOERTZ,4/19/2023,SAAlito,dissent,Respondent,Petitioner/Appellant won
2022,1710,21-442,REED v. GOERTZ,4/19/2023,SSotomayor,voted with majority or plurality,Petitioner,Petitioner/Appellant won
2022,1710,21-442,REED v. GOERTZ,4/19/2023,EKagan,voted with majority or plurality,Petitioner,Petitioner/Appellant won
2022,1710,21-442,REED v. GOERTZ,4/19/2023,NMGorsuch,dissent,Respondent,Petitioner/Appellant won
2022,1710,21-442,REED v. GOERTZ,4/19/2023,BMKavanaugh,voted with majority or plurality,Petitioner,Petitioner/Appellant won
2022,1710,21-442,REED v. GOERTZ,4/19/2023,ACBarrett,voted with majority or plurality,Petitioner,Petitioner/Appellant won
2022,1710,21-442,REED v. GOERTZ,4/19/2023,KBJackson,voted with majority or plurality,Petitioner,Petitioner/Appellant won
2022,1710,21-468,NATIONAL PORK PRODUCERS COUNCIL v. ROSS,5/11/2023,JGRoberts,dissent,Petitioner,Respondent/Appellee won
2022,1710,21-468,NATIONAL PORK PRODUCERS COUNCIL v. ROSS,5/11/2023,CThomas,voted with majority or plurality,Respondent,Respondent/Appellee won
2022,1710,21-468,NATIONAL PORK PRODUCERS COUNCIL v. ROSS,5/11/2023,SAAlito,dissent,Petitioner,Respondent/Appellee won
2022,1710,21-468,NATIONAL PORK PRODUCERS COUNCIL v. ROSS,5/11/2023,SSotomayor,regular concurrence,Respondent,Respondent/Appellee won
2022,1710,21-468,NATIONAL PORK PRODUCERS COUNCIL v. ROSS,5/11/2023,EKagan,regular concurrence,Respondent,Respondent/Appellee won
2022,1710,21-468,NATIONAL PORK PRODUCERS COUNCIL v. ROSS,5/11/2023,NMGorsuch,voted with majority or plurality,Respondent,Respondent/Appellee won
2022,1710,21-468,NATIONAL PORK PRODUCERS COUNCIL v. ROSS,5/11/2023,BMKavanaugh,dissent,Petitioner,Respondent/Appellee won
2022,1710,21-468,NATIONAL PORK PRODUCERS COUNCIL v. ROSS,5/11/2023,ACBarrett,regular concurrence,Respondent,Respondent/Appellee won
2022,1710,21-468,NATIONAL PORK PRODUCERS COUNCIL v. ROSS,5/11/2023,KBJackson,dissent,Petitioner,Respondent/Appellee won
2022,1710,21-869,ANDY WARHOL FOUNDATION FOR THE VISUAL ARTS v. GOLDSMITH,5/18/2023,JGRoberts,dissent,Petitioner,Respondent/Appellee won
2022,1710,21-869,ANDY WARHOL FOUNDATION FOR THE VISUAL ARTS v. GOLDSMITH,5/18/2023,CThomas,voted with majority or plurality,Respondent,Respondent/Appellee won
2022,1710,21-869,ANDY WARHOL FOUNDATION FOR THE VISUAL ARTS v. GOLDSMITH,5/18/2023,SAAlito,voted with majority or plurality,Respondent,Respondent/Appellee won
2022,1710,21-869,ANDY WARHOL FOUNDATION FOR THE VISUAL ARTS v. GOLDSMITH,5/18/2023,SSotomayor,voted with majority or plurality,Respondent,Respondent/Appellee won
2022,1710,21-869,ANDY WARHOL FOUNDATION FOR THE VISUAL ARTS v. GOLDSMITH,5/18/2023,EKagan,dissent,Petitioner,Respondent/Appellee won
2022,1710,21-869,ANDY WARHOL FOUNDATION FOR THE VISUAL ARTS v. GOLDSMITH,5/18/2023,NMGorsuch,regular concurrence,Respondent,Respondent/Appellee won
2022,1710,21-869,ANDY WARHOL FOUNDATION FOR THE VISUAL ARTS v. GOLDSMITH,5/18/2023,BMKavanaugh,voted with majority or plurality,Respondent,Respondent/Appellee won
2022,1710,21-869,ANDY WARHOL FOUNDATION FOR THE VISUAL ARTS v. GOLDSMITH,5/18/2023,ACBarrett,voted with majority or plurality,Respondent,Respondent/Appellee won
2022,1710,21-869,ANDY WARHOL FOUNDATION FOR THE VISUAL ARTS v. GOLDSMITH,5/18/2023,KBJackson,regular concurrence,Respondent,Respondent/Appellee won
2022,1710,21-984,HELIX ENERGY SOLUTIONS GROUP v. HEWITT,2/22/2023,JGRoberts,voted with majority or plurality,Respondent,Respondent/Appellee won
2022,1710,21-984,HELIX ENERGY SOLUTIONS GROUP v. HEWITT,2/22/2023,CThomas,voted with majority or plurality,Respondent,Respondent/Appellee won
2022,1710,21-984,HELIX ENERGY SOLUTIONS GROUP v. HEWITT,2/22/2023,SAAlito,dissent,Petitioner,Respondent/Appellee won
2022,1710,21-984,HELIX ENERGY SOLUTIONS GROUP v. HEWITT,2/22/2023,SSotomayor,voted with majority or plurality,Respondent,Respondent/Appellee won
2022,1710,21-984,HELIX ENERGY SOLUTIONS GROUP v. HEWITT,2/22/2023,EKagan,voted with majority or plurality,Respondent,Respondent/Appellee won
2022,1710,21-984,HELIX ENERGY SOLUTIONS GROUP v. HEWITT,2/22/2023,NMGorsuch,dissent,Petitioner,Respondent/Appellee won
2022,1710,21-984,HELIX ENERGY SOLUTIONS GROUP v. HEWITT,2/22/2023,BMKavanaugh,dissent,Petitioner,Respondent/Appellee won
2022,1710,21-984,HELIX ENERGY SOLUTIONS GROUP v. HEWITT,2/22/2023,ACBarrett,voted with majority or plurality,Respondent,Respondent/Appellee won
2022,1710,21-984,HELIX ENERGY SOLUTIONS GROUP v. HEWITT,2/22/2023,KBJackson,voted with majority or plurality,Respondent,Respondent/Appellee won
2022,1710,20-1199,STUDENTS FOR FAIR ADMISSIONS INC. v. PRESIDENT & FELLOWS OF HARVARD COLLEGE,6/29/2023,JGRoberts,voted with majority or plurality,Petitioner,Petitioner/Appellant won
2022,1710,20-1199,STUDENTS FOR FAIR ADMISSIONS INC. v. PRESIDENT & FELLOWS OF HARVARD COLLEGE,6/29/2023,CThomas,regular concurrence,Petitioner,Petitioner/Appellant won
2022,1710,20-1199,STUDENTS FOR FAIR ADMISSIONS INC. v. PRESIDENT & FELLOWS OF HARVARD COLLEGE,6/29/2023,SAAlito,voted with majority or plurality,Petitioner,Petitioner/Appellant won
2022,1710,20-1199,STUDENTS FOR FAIR ADMISSIONS INC. v. PRESIDENT & FELLOWS OF HARVARD COLLEGE,6/29/2023,SSotomayor,dissent,Respondent,Petitioner/Appellant won
2022,1710,20-1199,STUDENTS FOR FAIR ADMISSIONS INC. v. PRESIDENT & FELLOWS OF HARVARD COLLEGE,6/29/2023,EKagan,dissent,Respondent,Petitioner/Appellant won
2022,1710,20-1199,STUDENTS FOR FAIR ADMISSIONS INC. v. PRESIDENT & FELLOWS OF HARVARD COLLEGE,6/29/2023,NMGorsuch,regular concurrence,Petitioner,Petitioner/Appellant won
2022,1710,20-1199,STUDENTS FOR FAIR ADMISSIONS INC. v. PRESIDENT & FELLOWS OF HARVARD COLLEGE,6/29/2023,BMKavanaugh,regular concurrence,Petitioner,Petitioner/Appellant won
2022,1710,20-1199,STUDENTS FOR FAIR ADMISSIONS INC. v. PRESIDENT & FELLOWS OF HARVARD COLLEGE,6/29/2023,ACBarrett,voted with majority or plurality,Petitioner,Petitioner/Appellant won
2022,1710,20-1199,STUDENTS FOR FAIR ADMISSIONS INC. v. PRESIDENT & FELLOWS OF HARVARD COLLEGE,6/29/2023,KBJackson,,,Petitioner/Appellant won
2022,1710,21-846,CRUZ v. ARIZONA,2/22/2023,JGRoberts,voted with majority or plurality,Petitioner,Petitioner/Appellant won
2022,1710,21-846,CRUZ v. ARIZONA,2/22/2023,CThomas,dissent,Respondent,Petitioner/Appellant won
2022,1710,21-846,CRUZ v. ARIZONA,2/22/2023,SAAlito,dissent,Respondent,Petitioner/Appellant won
2022,1710,21-846,CRUZ v. ARIZONA,2/22/2023,SSotomayor,voted with majority or plurality,Petitioner,Petitioner/Appellant won
2022,1710,21-846,CRUZ v. ARIZONA,2/22/2023,EKagan,voted with majority or plurality,Petitioner,Petitioner/Appellant won
2022,1710,21-846,CRUZ v. ARIZONA,2/22/2023,NMGorsuch,dissent,Respondent,Petitioner/Appellant won
2022,1710,21-846,CRUZ v. ARIZONA,2/22/2023,BMKavanaugh,voted with majority or plurality,Petitioner,Petitioner/Appellant won
2022,1710,21-846,CRUZ v. ARIZONA,2/22/2023,ACBarrett,dissent,Respondent,Petitioner/Appellant won
2022,1710,21-846,CRUZ v. ARIZONA,2/22/2023,KBJackson,voted with majority or plurality,Petitioner,Petitioner/Appellant won
2022,1710,21-857,JONES v. HENDRIX,6/22/2023,JGRoberts,voted with majority or plurality,Respondent,Respondent/Appellee won
2022,1710,21-857,JONES v. HENDRIX,6/22/2023,CThomas,voted with majority or plurality,Respondent,Respondent/Appellee won
2022,1710,21-857,JONES v. HENDRIX,6/22/2023,SAAlito,voted with majority or plurality,Respondent,Respondent/Appellee won
2022,1710,21-857,JONES v. HENDRIX,6/22/2023,SSotomayor,dissent,Petitioner,Respondent/Appellee won
2022,1710,21-857,JONES v. HENDRIX,6/22/2023,EKagan,dissent,Petitioner,Respondent/Appellee won
2022,1710,21-857,JONES v. HENDRIX,6/22/2023,NMGorsuch,voted with majority or plurality,Respondent,Respondent/Appellee won
2022,1710,21-857,JONES v. HENDRIX,6/22/2023,BMKavanaugh,voted with majority or plurality,Respondent,Respondent/Appellee won
2022,1710,21-857,JONES v. HENDRIX,6/22/2023,ACBarrett,voted with majority or plurality,Respondent,Respondent/Appellee won
2022,1710,21-857,JONES v. HENDRIX,6/22/2023,KBJackson,dissent,Petitioner,Respondent/Appellee won
2022,1710,21-1195,BITTNER v. UNITED STATES,2/28/2023,JGRoberts,voted with majority or plurality,Petitioner,Petitioner/Appellant won
2022,1710,21-1195,BITTNER v. UNITED STATES,2/28/2023,CThomas,dissent,Respondent,Petitioner/Appellant won
2022,1710,21-1195,BITTNER v. UNITED STATES,2/28/2023,SAAlito,voted with majority or plurality,Petitioner,Petitioner/Appellant won
2022,1710,21-1195,BITTNER v. UNITED STATES,2/28/2023,SSotomayor,dissent,Respondent,Petitioner/Appellant won
2022,1710,21-1195,BITTNER v. UNITED STATES,2/28/2023,EKagan,dissent,Respondent,Petitioner/Appellant won
2022,1710,21-1195,BITTNER v. UNITED STATES,2/28/2023,NMGorsuch,voted with majority or plurality,Petitioner,Petitioner/Appellant won
2022,1710,21-1195,BITTNER v. UNITED STATES,2/28/2023,BMKavanaugh,voted with majority or plurality,Petitioner,Petitioner/Appellant won
2022,1710,21-1195,BITTNER v. UNITED STATES,2/28/2023,ACBarrett,dissent,Respondent,Petitioner/Appellant won
2022,1710,21-1195,BITTNER v. UNITED STATES,2/28/2023,KBJackson,voted with majority or plurality,Petitioner,Petitioner/Appellant won
2022,1710,21-86,AXON ENTERPRISE v. FEDERAL TRADE COMMISSION,4/14/2023,JGRoberts,voted with majority or plurality,Petitioner,Petitioner/Appellant won
2022,1710,21-86,AXON ENTERPRISE v. FEDERAL TRADE COMMISSION,4/14/2023,CThomas,regular concurrence,Petitioner,Petitioner/Appellant won
2022,1710,21-86,AXON ENTERPRISE v. FEDERAL TRADE COMMISSION,4/14/2023,SAAlito,voted with majority or plurality,Petitioner,Petitioner/Appellant won
2022,1710,21-86,AXON ENTERPRISE v. FEDERAL TRADE COMMISSION,4/14/2023,SSotomayor,voted with majority or plurality,Petitioner,Petitioner/Appellant won
2022,1710,21-86,AXON ENTERPRISE v. FEDERAL TRADE COMMISSION,4/14/2023,EKagan,voted with majority or plurality,Petitioner,Petitioner/Appellant won
2022,1710,21-86,AXON ENTERPRISE v. FEDERAL TRADE COMMISSION,4/14/2023,NMGorsuch,special concurrence,Petitioner,Petitioner/Appellant won
2022,1710,21-86,AXON ENTERPRISE v. FEDERAL TRADE COMMISSION,4/14/2023,BMKavanaugh,voted with majority or plurality,Petitioner,Petitioner/Appellant won
2022,1710,21-86,AXON ENTERPRISE v. FEDERAL TRADE COMMISSION,4/14/2023,ACBarrett,voted with majority or plurality,Petitioner,Petitioner/Appellant won
2022,1710,21-86,AXON ENTERPRISE v. FEDERAL TRADE COMMISSION,4/14/2023,KBJackson,voted with majority or plurality,Petitioner,Petitioner/Appellant won
2022,1710,21-1168,MALLORY v. NORFOLK SOUTHERN RAILWAY CO.,6/27/2023,JGRoberts,dissent,Respondent,Petitioner/Appellant won
2022,1710,21-1168,MALLORY v. NORFOLK SOUTHERN RAILWAY CO.,6/27/2023,CThomas,voted with majority or plurality,Petitioner,Petitioner/Appellant won
2022,1710,21-1168,MALLORY v. NORFOLK SOUTHERN RAILWAY CO.,6/27/2023,SAAlito,special concurrence,Petitioner,Petitioner/Appellant won
2022,1710,21-1168,MALLORY v. NORFOLK SOUTHERN RAILWAY CO.,6/27/2023,SSotomayor,voted with majority or plurality,Petitioner,Petitioner/Appellant won
2022,1710,21-1168,MALLORY v. NORFOLK SOUTHERN RAILWAY CO.,6/27/2023,EKagan,dissent,Respondent,Petitioner/Appellant won
2022,1710,21-1168,MALLORY v. NORFOLK SOUTHERN RAILWAY CO.,6/27/2023,NMGorsuch,judgment of the Court,Petitioner,Petitioner/Appellant won
2022,1710,21-1168,MALLORY v. NORFOLK SOUTHERN RAILWAY CO.,6/27/2023,BMKavanaugh,dissent,Respondent,Petitioner/Appellant won
2022,1710,21-1168,MALLORY v. NORFOLK SOUTHERN RAILWAY CO.,6/27/2023,ACBarrett,dissent,Respondent,Petitioner/Appellant won
2022,1710,21-1168,MALLORY v. NORFOLK SOUTHERN RAILWAY CO.,6/27/2023,KBJackson,regular concurrence,Petitioner,Petitioner/Appellant won
2022,1710,21-806,"HEALTH AND HOSPITAL CORPORATION OF MARION COUNTY, INDIANA v. TALEVSKI",6/8/2023,JGRoberts,regular concurrence,Respondent,Respondent/Appellee won
2022,1710,21-806,"HEALTH AND HOSPITAL CORPORATION OF MARION COUNTY, INDIANA v. TALEVSKI",6/8/2023,CThomas,dissent,Petitioner,Respondent/Appellee won
2022,1710,21-806,"HEALTH AND HOSPITAL CORPORATION OF MARION COUNTY, INDIANA v. TALEVSKI",6/8/2023,SAAlito,dissent,Petitioner,Respondent/Appellee won
2022,1710,21-806,"HEALTH AND HOSPITAL CORPORATION OF MARION COUNTY, INDIANA v. TALEVSKI",6/8/2023,SSotomayor,voted with majority or plurality,Respondent,Respondent/Appellee won
2022,1710,21-806,"HEALTH AND HOSPITAL CORPORATION OF MARION COUNTY, INDIANA v. TALEVSKI",6/8/2023,EKagan,voted with majority or plurality,Respondent,Respondent/Appellee won
2022,1710,21-806,"HEALTH AND HOSPITAL CORPORATION OF MARION COUNTY, INDIANA v. TALEVSKI",6/8/2023,NMGorsuch,regular concurrence,Respondent,Respondent/Appellee won
2022,1710,21-806,"HEALTH AND HOSPITAL CORPORATION OF MARION COUNTY, INDIANA v. TALEVSKI",6/8/2023,BMKavanaugh,voted with majority or plurality,Respondent,Respondent/Appellee won
2022,1710,21-806,"HEALTH AND HOSPITAL CORPORATION OF MARION COUNTY, INDIANA v. TALEVSKI",6/8/2023,ACBarrett,regular concurrence,Respondent,Respondent/Appellee won
2022,1710,21-806,"HEALTH AND HOSPITAL CORPORATION OF MARION COUNTY, INDIANA v. TALEVSKI",6/8/2023,KBJackson,voted with majority or plurality,Respondent,Respondent/Appellee won
2022,1710,21-376,HAALAND v. BRACKEEN,6/15/2023,JGRoberts,voted with majority or plurality,Respondent,Respondent/Appellee won
2022,1710,21-376,HAALAND v. BRACKEEN,6/15/2023,CThomas,dissent,Petitioner,Respondent/Appellee won
2022,1710,21-376,HAALAND v. BRACKEEN,6/15/2023,SAAlito,dissent,Petitioner,Respondent/Appellee won
2022,1710,21-376,HAALAND v. BRACKEEN,6/15/2023,SSotomayor,regular concurrence,Respondent,Respondent/Appellee won
2022,1710,21-376,HAALAND v. BRACKEEN,6/15/2023,EKagan,voted with majority or plurality,Respondent,Respondent/Appellee won
2022,1710,21-376,HAALAND v. BRACKEEN,6/15/2023,NMGorsuch,regular concurrence,Respondent,Respondent/Appellee won
2022,1710,21-376,HAALAND v. BRACKEEN,6/15/2023,BMKavanaugh,regular concurrence,Respondent,Respondent/Appellee won
2022,1710,21-376,HAALAND v. BRACKEEN,6/15/2023,ACBarrett,voted with majority or plurality,Respondent,Respondent/Appellee won
2022,1710,21-376,HAALAND v. BRACKEEN,6/15/2023,KBJackson,regular concurrence,Respondent,Respondent/Appellee won
2022,1710,21-476,303 CREATIVE LLC v. ELENIS,6/30/2023,JGRoberts,voted with majority or plurality,Petitioner,Petitioner/Appellant won
2022,1710,21-476,303 CREATIVE LLC v. ELENIS,6/30/2023,CThomas,voted with majority or plurality,Petitioner,Petitioner/Appellant won
2022,1710,21-476,303 CREATIVE LLC v. ELENIS,6/30/2023,SAAlito,voted with majority or plurality,Petitioner,Petitioner/Appellant won
2022,1710,21-476,303 CREATIVE LLC v. ELENIS,6/30/2023,SSotomayor,dissent,Respondent,Petitioner/Appellant won
2022,1710,21-476,303 CREATIVE LLC v. ELENIS,6/30/2023,EKagan,dissent,Respondent,Petitioner/Appellant won
2022,1710,21-476,303 CREATIVE LLC v. ELENIS,6/30/2023,NMGorsuch,voted with majority or plurality,Petitioner,Petitioner/Appellant won
2022,1710,21-476,303 CREATIVE LLC v. ELENIS,6/30/2023,BMKavanaugh,voted with majority or plurality,Petitioner,Petitioner/Appellant won
2022,1710,21-476,303 CREATIVE LLC v. ELENIS,6/30/2023,ACBarrett,voted with majority or plurality,Petitioner,Petitioner/Appellant won
2022,1710,21-476,303 CREATIVE LLC v. ELENIS,6/30/2023,KBJackson,dissent,Respondent,Petitioner/Appellant won
2022,1710,21-908,BARTENWERFER v. BUCKLEY,2/22/2023,JGRoberts,voted with majority or plurality,Respondent,Respondent/Appellee won
2022,1710,21-908,BARTENWERFER v. BUCKLEY,2/22/2023,CThomas,voted with majority or plurality,Respondent,Respondent/Appellee won
2022,1710,21-908,BARTENWERFER v. BUCKLEY,2/22/2023,SAAlito,voted with majority or plurality,Respondent,Respondent/Appellee won
2022,1710,21-908,BARTENWERFER v. BUCKLEY,2/22/2023,SSotomayor,regular concurrence,Respondent,Respondent/Appellee won
2022,1710,21-908,BARTENWERFER v. BUCKLEY,2/22/2023,EKagan,voted with majority or plurality,Respondent,Respondent/Appellee won
2022,1710,21-908,BARTENWERFER v. BUCKLEY,2/22/2023,NMGorsuch,voted with majority or plurality,Respondent,Respondent/Appellee won
2022,1710,21-908,BARTENWERFER v. BUCKLEY,2/22/2023,BMKavanaugh,voted with majority or plurality,Respondent,Respondent/Appellee won
2022,1710,21-908,BARTENWERFER v. BUCKLEY,2/22/2023,ACBarrett,voted with majority or plurality,Respondent,Respondent/Appellee won
2022,1710,21-908,BARTENWERFER v. BUCKLEY,2/22/2023,KBJackson,regular concurrence,Respondent,Respondent/Appellee won
2022,1710,21-1052,"U.S., EX REL. POLANSKY v. EXECUTIVE HEALTH RESOURCES",6/16/2023,JGRoberts,voted with majority or plurality,Respondent,Respondent/Appellee won
2022,1710,21-1052,"U.S., EX REL. POLANSKY v. EXECUTIVE HEALTH RESOURCES",6/16/2023,CThomas,dissent,Petitioner,Respondent/Appellee won
2022,1710,21-1052,"U.S., EX REL. POLANSKY v. EXECUTIVE HEALTH RESOURCES",6/16/2023,SAAlito,voted with majority or plurality,Respondent,Respondent/Appellee won
2022,1710,21-1052,"U.S., EX REL. POLANSKY v. EXECUTIVE HEALTH RESOURCES",6/16/2023,SSotomayor,voted with majority or plurality,Respondent,Respondent/Appellee won
2022,1710,21-1052,"U.S., EX REL. POLANSKY v. EXECUTIVE HEALTH RESOURCES",6/16/2023,EKagan,voted with majority or plurality,Respondent,Respondent/Appellee won
2022,1710,21-1052,"U.S., EX REL. POLANSKY v. EXECUTIVE HEALTH RESOURCES",6/16/2023,NMGorsuch,voted with majority or plurality,Respondent,Respondent/Appellee won
2022,1710,21-1052,"U.S., EX REL. POLANSKY v. EXECUTIVE HEALTH RESOURCES",6/16/2023,BMKavanaugh,regular concurrence,Respondent,Respondent/Appellee won
2022,1710,21-1052,"U.S., EX REL. POLANSKY v. EXECUTIVE HEALTH RESOURCES",6/16/2023,ACBarrett,regular concurrence,Respondent,Respondent/Appellee won
2022,1710,21-1052,"U.S., EX REL. POLANSKY v. EXECUTIVE HEALTH RESOURCES",6/16/2023,KBJackson,voted with majority or plurality,Respondent,Respondent/Appellee won
2022,1710,21-1158,PERCOCO v. UNITED STATES,5/11/2023,JGRoberts,voted with majority or plurality,Petitioner,Petitioner/Appellant won
2022,1710,21-1158,PERCOCO v. UNITED STATES,5/11/2023,CThomas,special concurrence,Petitioner,Petitioner/Appellant won
2022,1710,21-1158,PERCOCO v. UNITED STATES,5/11/2023,SAAlito,voted with majority or plurality,Petitioner,Petitioner/Appellant won
2022,1710,21-1158,PERCOCO v. UNITED STATES,5/11/2023,SSotomayor,voted with majority or plurality,Petitioner,Petitioner/Appellant won
2022,1710,21-1158,PERCOCO v. UNITED STATES,5/11/2023,EKagan,voted with majority or plurality,Petitioner,Petitioner/Appellant won
2022,1710,21-1158,PERCOCO v. UNITED STATES,5/11/2023,NMGorsuch,special concurrence,Petitioner,Petitioner/Appellant won
2022,1710,21-1158,PERCOCO v. UNITED STATES,5/11/2023,BMKavanaugh,voted with majority or plurality,Petitioner,Petitioner/Appellant won
2022,1710,21-1158,PERCOCO v. UNITED STATES,5/11/2023,ACBarrett,voted with majority or plurality,Petitioner,Petitioner/Appellant won
2022,1710,21-1158,PERCOCO v. UNITED STATES,5/11/2023,KBJackson,voted with majority or plurality,Petitioner,Petitioner/Appellant won
2022,1710,21-1164,WILKINS v. UNITED STATES,3/28/2023,JGRoberts,dissent,Respondent,Petitioner/Appellant won
2022,1710,21-1164,WILKINS v. UNITED STATES,3/28/2023,CThomas,dissent,Respondent,Petitioner/Appellant won
2022,1710,21-1164,WILKINS v. UNITED STATES,3/28/2023,SAAlito,dissent,Respondent,Petitioner/Appellant won
2022,1710,21-1164,WILKINS v. UNITED STATES,3/28/2023,SSotomayor,voted with majority or plurality,Petitioner,Petitioner/Appellant won
2022,1710,21-1164,WILKINS v. UNITED STATES,3/28/2023,EKagan,voted with majority or plurality,Petitioner,Petitioner/Appellant won
2022,1710,21-1164,WILKINS v. UNITED STATES,3/28/2023,NMGorsuch,voted with majority or plurality,Petitioner,Petitioner/Appellant won
2022,1710,21-1164,WILKINS v. UNITED STATES,3/28/2023,BMKavanaugh,voted with majority or plurality,Petitioner,Petitioner/Appellant won
2022,1710,21-1164,WILKINS v. UNITED STATES,3/28/2023,ACBarrett,voted with majority or plurality,Petitioner,Petitioner/Appellant won
2022,1710,21-1164,WILKINS v. UNITED STATES,3/28/2023,KBJackson,voted with majority or plurality,Petitioner,Petitioner/Appellant won
2022,1710,21-1170,CIMINELLI v. UNITED STATES,5/11/2023,JGRoberts,voted with majority or plurality,Petitioner,Petitioner/Appellant won
2022,1710,21-1170,CIMINELLI v. UNITED STATES,5/11/2023,CThomas,voted with majority or plurality,Petitioner,Petitioner/Appellant won
2022,1710,21-1170,CIMINELLI v. UNITED STATES,5/11/2023,SAAlito,regular concurrence,Petitioner,Petitioner/Appellant won
2022,1710,21-1170,CIMINELLI v. UNITED STATES,5/11/2023,SSotomayor,voted with majority or plurality,Petitioner,Petitioner/Appellant won
2022,1710,21-1170,CIMINELLI v. UNITED STATES,5/11/2023,EKagan,voted with majority or plurality,Petitioner,Petitioner/Appellant won
2022,1710,21-1170,CIMINELLI v. UNITED STATES,5/11/2023,NMGorsuch,voted with majority or plurality,Petitioner,Petitioner/Appellant won
2022,1710,21-1170,CIMINELLI v. UNITED STATES,5/11/2023,BMKavanaugh,voted with majority or plurality,Petitioner,Petitioner/Appellant won
2022,1710,21-1170,CIMINELLI v. UNITED STATES,5/11/2023,ACBarrett,voted with majority or plurality,Petitioner,Petitioner/Appellant won
2022,1710,21-1170,CIMINELLI v. UNITED STATES,5/11/2023,KBJackson,voted with majority or plurality,Petitioner,Petitioner/Appellant won
2022,1710,21-1270,MOAC MALL HOLDINGS LLC v. TRANSFORM HOLDCO LLC,4/19/2023,JGRoberts,voted with majority or plurality,Petitioner,Petitioner/Appellant won
2022,1710,21-1270,MOAC MALL HOLDINGS LLC v. TRANSFORM HOLDCO LLC,4/19/2023,CThomas,voted with majority or plurality,Petitioner,Petitioner/Appellant won
2022,1710,21-1270,MOAC MALL HOLDINGS LLC v. TRANSFORM HOLDCO LLC,4/19/2023,SAAlito,voted with majority or plurality,Petitioner,Petitioner/Appellant won
2022,1710,21-1270,MOAC MALL HOLDINGS LLC v. TRANSFORM HOLDCO LLC,4/19/2023,SSotomayor,voted with majority or plurality,Petitioner,Petitioner/Appellant won
2022,1710,21-1270,MOAC MALL HOLDINGS LLC v. TRANSFORM HOLDCO LLC,4/19/2023,EKagan,voted with majority or plurality,Petitioner,Petitioner/Appellant won
2022,1710,21-1270,MOAC MALL HOLDINGS LLC v. TRANSFORM HOLDCO LLC,4/19/2023,NMGorsuch,voted with majority or plurality,Petitioner,Petitioner/Appellant won
2022,1710,21-1270,MOAC MALL HOLDINGS LLC v. TRANSFORM HOLDCO LLC,4/19/2023,BMKavanaugh,voted with majority or plurality,Petitioner,Petitioner/Appellant won
2022,1710,21-1270,MOAC MALL HOLDINGS LLC v. TRANSFORM HOLDCO LLC,4/19/2023,ACBarrett,voted with majority or plurality,Petitioner,Petitioner/Appellant won
2022,1710,21-1270,MOAC MALL HOLDINGS LLC v. TRANSFORM HOLDCO LLC,4/19/2023,KBJackson,voted with majority or plurality,Petitioner,Petitioner/Appellant won
2022,1710,21-1271,MOORE v. HARPER,6/27/2023,JGRoberts,voted with majority or plurality,Respondent,Respondent/Appellee won
2022,1710,21-1271,MOORE v. HARPER,6/27/2023,CThomas,dissent,Petitioner,Respondent/Appellee won
2022,1710,21-1271,MOORE v. HARPER,6/27/2023,SAAlito,dissent,Petitioner,Respondent/Appellee won
2022,1710,21-1271,MOORE v. HARPER,6/27/2023,SSotomayor,voted with majority or plurality,Respondent,Respondent/Appellee won
2022,1710,21-1271,MOORE v. HARPER,6/27/2023,EKagan,voted with majority or plurality,Respondent,Respondent/Appellee won
2022,1710,21-1271,MOORE v. HARPER,6/27/2023,NMGorsuch,dissent,Petitioner,Respondent/Appellee won
2022,1710,21-1271,MOORE v. HARPER,6/27/2023,BMKavanaugh,regular concurrence,Respondent,Respondent/Appellee won
2022,1710,21-1271,MOORE v. HARPER,6/27/2023,ACBarrett,voted with majority or plurality,Respondent,Respondent/Appellee won
2022,1710,21-1271,MOORE v. HARPER,6/27/2023,KBJackson,voted with majority or plurality,Respondent,Respondent/Appellee won
2022,1710,21-1397,in re GRAND JURY,1/23/2023,JGRoberts,voted with majority or plurality,Respondent,Respondent/Appellee won
2022,1710,21-1397,in re GRAND JURY,1/23/2023,CThomas,voted with majority or plurality,Respondent,Respondent/Appellee won
2022,1710,21-1397,in re GRAND JURY,1/23/2023,SAAlito,voted with majority or plurality,Respondent,Respondent/Appellee won
2022,1710,21-1397,in re GRAND JURY,1/23/2023,SSotomayor,voted with majority or plurality,Respondent,Respondent/Appellee won
2022,1710,21-1397,in re GRAND JURY,1/23/2023,EKagan,voted with majority or plurality,Respondent,Respondent/Appellee won
2022,1710,21-1397,in re GRAND JURY,1/23/2023,NMGorsuch,voted with majority or plurality,Respondent,Respondent/Appellee won
2022,1710,21-1397,in re GRAND JURY,1/23/2023,BMKavanaugh,voted with majority or plurality,Respondent,Respondent/Appellee won
2022,1710,21-1397,in re GRAND JURY,1/23/2023,ACBarrett,voted with majority or plurality,Respondent,Respondent/Appellee won
2022,1710,21-1397,in re GRAND JURY,1/23/2023,KBJackson,voted with majority or plurality,Respondent,Respondent/Appellee won
2022,1710,21-1454,OHIO ADJUTANT GENERAL’S DEPARTMENT v. FEDERAL LABOR RELATIONS AUTHORITY,5/18/2023,JGRoberts,voted with majority or plurality,Respondent,Respondent/Appellee won
2022,1710,21-1454,OHIO ADJUTANT GENERAL’S DEPARTMENT v. FEDERAL LABOR RELATIONS AUTHORITY,5/18/2023,CThomas,voted with majority or plurality,Respondent,Respondent/Appellee won
2022,1710,21-1454,OHIO ADJUTANT GENERAL’S DEPARTMENT v. FEDERAL LABOR RELATIONS AUTHORITY,5/18/2023,SAAlito,dissent,Petitioner,Respondent/Appellee won
2022,1710,21-1454,OHIO ADJUTANT GENERAL’S DEPARTMENT v. FEDERAL LABOR RELATIONS AUTHORITY,5/18/2023,SSotomayor,voted with majority or plurality,Respondent,Respondent/Appellee won
2022,1710,21-1454,OHIO ADJUTANT GENERAL’S DEPARTMENT v. FEDERAL LABOR RELATIONS AUTHORITY,5/18/2023,EKagan,voted with majority or plurality,Respondent,Respondent/Appellee won
2022,1710,21-1454,OHIO ADJUTANT GENERAL’S DEPARTMENT v. FEDERAL LABOR RELATIONS AUTHORITY,5/18/2023,NMGorsuch,dissent,Petitioner,Respondent/Appellee won
2022,1710,21-1454,OHIO ADJUTANT GENERAL’S DEPARTMENT v. FEDERAL LABOR RELATIONS AUTHORITY,5/18/2023,BMKavanaugh,voted with majority or plurality,Respondent,Respondent/Appellee won
2022,1710,21-1454,OHIO ADJUTANT GENERAL’S DEPARTMENT v. FEDERAL LABOR RELATIONS AUTHORITY,5/18/2023,ACBarrett,voted with majority or plurality,Respondent,Respondent/Appellee won
2022,1710,21-1454,OHIO ADJUTANT GENERAL’S DEPARTMENT v. FEDERAL LABOR RELATIONS AUTHORITY,5/18/2023,KBJackson,voted with majority or plurality,Respondent,Respondent/Appellee won
2022,1710,21-1449,GLACIER NORTHWEST v. INT'L BROTHERHOOD OF TEAMSTERS,6/1/2023,JGRoberts,voted with majority or plurality,Petitioner,Petitioner/Appellant won
2022,1710,21-1449,GLACIER NORTHWEST v. INT'L BROTHERHOOD OF TEAMSTERS,6/1/2023,CThomas,special concurrence,Petitioner,Petitioner/Appellant won
2022,1710,21-1449,GLACIER NORTHWEST v. INT'L BROTHERHOOD OF TEAMSTERS,6/1/2023,SAAlito,special concurrence,Petitioner,Petitioner/Appellant won
2022,1710,21-1449,GLACIER NORTHWEST v. INT'L BROTHERHOOD OF TEAMSTERS,6/1/2023,SSotomayor,voted with majority or plurality,Petitioner,Petitioner/Appellant won
2022,1710,21-1449,GLACIER NORTHWEST v. INT'L BROTHERHOOD OF TEAMSTERS,6/1/2023,EKagan,voted with majority or plurality,Petitioner,Petitioner/Appellant won
2022,1710,21-1449,GLACIER NORTHWEST v. INT'L BROTHERHOOD OF TEAMSTERS,6/1/2023,NMGorsuch,special concurrence,Petitioner,Petitioner/Appellant won
2022,1710,21-1449,GLACIER NORTHWEST v. INT'L BROTHERHOOD OF TEAMSTERS,6/1/2023,BMKavanaugh,voted with majority or plurality,Petitioner,Petitioner/Appellant won
2022,1710,21-1449,GLACIER NORTHWEST v. INT'L BROTHERHOOD OF TEAMSTERS,6/1/2023,ACBarrett,voted with majority or plurality,Petitioner,Petitioner/Appellant won
2022,1710,21-1449,GLACIER NORTHWEST v. INT'L BROTHERHOOD OF TEAMSTERS,6/1/2023,KBJackson,dissent,Respondent,Petitioner/Appellant won
2022,1710,22-96,FINANCIAL OVERSIGHT AND MANAGEMENT BD FOR PUERTO RICO v. CENTRO DE PERIODISMO INVESTIGATIVO,5/11/2023,JGRoberts,voted with majority or plurality,Petitioner,Petitioner/Appellant won
2022,1710,22-96,FINANCIAL OVERSIGHT AND MANAGEMENT BD FOR PUERTO RICO v. CENTRO DE PERIODISMO INVESTIGATIVO,5/11/2023,CThomas,dissent,Respondent,Petitioner/Appellant won
2022,1710,22-96,FINANCIAL OVERSIGHT AND MANAGEMENT BD FOR PUERTO RICO v. CENTRO DE PERIODISMO INVESTIGATIVO,5/11/2023,SAAlito,voted with majority or plurality,Petitioner,Petitioner/Appellant won
2022,1710,22-96,FINANCIAL OVERSIGHT AND MANAGEMENT BD FOR PUERTO RICO v. CENTRO DE PERIODISMO INVESTIGATIVO,5/11/2023,SSotomayor,voted with majority or plurality,Petitioner,Petitioner/Appellant won
2022,1710,22-96,FINANCIAL OVERSIGHT AND MANAGEMENT BD FOR PUERTO RICO v. CENTRO DE PERIODISMO INVESTIGATIVO,5/11/2023,EKagan,voted with majority or plurality,Petitioner,Petitioner/Appellant won
2022,1710,22-96,FINANCIAL OVERSIGHT AND MANAGEMENT BD FOR PUERTO RICO v. CENTRO DE PERIODISMO INVESTIGATIVO,5/11/2023,NMGorsuch,voted with majority or plurality,Petitioner,Petitioner/Appellant won
2022,1710,22-96,FINANCIAL OVERSIGHT AND MANAGEMENT BD FOR PUERTO RICO v. CENTRO DE PERIODISMO INVESTIGATIVO,5/11/2023,BMKavanaugh,voted with majority or plurality,Petitioner,Petitioner/Appellant won
2022,1710,22-96,FINANCIAL OVERSIGHT AND MANAGEMENT BD FOR PUERTO RICO v. CENTRO DE PERIODISMO INVESTIGATIVO,5/11/2023,ACBarrett,voted with majority or plurality,Petitioner,Petitioner/Appellant won
2022,1710,22-96,FINANCIAL OVERSIGHT AND MANAGEMENT BD FOR PUERTO RICO v. CENTRO DE PERIODISMO INVESTIGATIVO,5/11/2023,KBJackson,voted with majority or plurality,Petitioner,Petitioner/Appellant won
2022,1710,21-1450,TURKIYE HALK BANKASI A.S. v. UNITED STATES,4/19/2023,JGRoberts,voted with majority or plurality,Petitioner,Petitioner/Appellant won
2022,1710,21-1450,TURKIYE HALK BANKASI A.S. v. UNITED STATES,4/19/2023,CThomas,voted with majority or plurality,Petitioner,Petitioner/Appellant won
2022,1710,21-1450,TURKIYE HALK BANKASI A.S. v. UNITED STATES,4/19/2023,SAAlito,special concurrence,Petitioner,Petitioner/Appellant won
2022,1710,21-1450,TURKIYE HALK BANKASI A.S. v. UNITED STATES,4/19/2023,SSotomayor,voted with majority or plurality,Petitioner,Petitioner/Appellant won
2022,1710,21-1450,TURKIYE HALK BANKASI A.S. v. UNITED STATES,4/19/2023,EKagan,voted with majority or plurality,Petitioner,Petitioner/Appellant won
2022,1710,21-1450,TURKIYE HALK BANKASI A.S. v. UNITED STATES,4/19/2023,NMGorsuch,special concurrence,Petitioner,Petitioner/Appellant won
2022,1710,21-1450,TURKIYE HALK BANKASI A.S. v. UNITED STATES,4/19/2023,BMKavanaugh,voted with majority or plurality,Petitioner,Petitioner/Appellant won
2022,1710,21-1450,TURKIYE HALK BANKASI A.S. v. UNITED STATES,4/19/2023,ACBarrett,voted with majority or plurality,Petitioner,Petitioner/Appellant won
2022,1710,21-1450,TURKIYE HALK BANKASI A.S. v. UNITED STATES,4/19/2023,KBJackson,voted with majority or plurality,Petitioner,Petitioner/Appellant won
2022,1710,21-1436,SANTOS-ZACARIA v. GARLAND,5/11/2023,JGRoberts,voted with majority or plurality,Petitioner,Petitioner/Appellant won
2022,1710,21-1436,SANTOS-ZACARIA v. GARLAND,5/11/2023,CThomas,special concurrence,Petitioner,Petitioner/Appellant won
2022,1710,21-1436,SANTOS-ZACARIA v. GARLAND,5/11/2023,SAAlito,special concurrence,Petitioner,Petitioner/Appellant won
2022,1710,21-1436,SANTOS-ZACARIA v. GARLAND,5/11/2023,SSotomayor,voted with majority or plurality,Petitioner,Petitioner/Appellant won
2022,1710,21-1436,SANTOS-ZACARIA v. GARLAND,5/11/2023,EKagan,voted with majority or plurality,Petitioner,Petitioner/Appellant won
2022,1710,21-1436,SANTOS-ZACARIA v. GARLAND,5/11/2023,NMGorsuch,voted with majority or plurality,Petitioner,Petitioner/Appellant won
2022,1710,21-1436,SANTOS-ZACARIA v. GARLAND,5/11/2023,BMKavanaugh,voted with majority or plurality,Petitioner,Petitioner/Appellant won
2022,1710,21-1436,SANTOS-ZACARIA v. GARLAND,5/11/2023,ACBarrett,voted with majority or plurality,Petitioner,Petitioner/Appellant won
2022,1710,21-1436,SANTOS-ZACARIA v. GARLAND,5/11/2023,KBJackson,voted with majority or plurality,Petitioner,Petitioner/Appellant won
2022,1710,21-887,PEREZ v. STURGIS PUBLIC SCHOOLS,3/21/2023,JGRoberts,voted with majority or plurality,Petitioner,Petitioner/Appellant won
2022,1710,21-887,PEREZ v. STURGIS PUBLIC SCHOOLS,3/21/2023,CThomas,voted with majority or plurality,Petitioner,Petitioner/Appellant won
2022,1710,21-887,PEREZ v. STURGIS PUBLIC SCHOOLS,3/21/2023,SAAlito,voted with majority or plurality,Petitioner,Petitioner/Appellant won
2022,1710,21-887,PEREZ v. STURGIS PUBLIC SCHOOLS,3/21/2023,SSotomayor,voted with majority or plurality,Petitioner,Petitioner/Appellant won
2022,1710,21-887,PEREZ v. STURGIS PUBLIC SCHOOLS,3/21/2023,EKagan,voted with majority or plurality,Petitioner,Petitioner/Appellant won
2022,1710,21-887,PEREZ v. STURGIS PUBLIC SCHOOLS,3/21/2023,NMGorsuch,voted with majority or plurality,Petitioner,Petitioner/Appellant won
2022,1710,21-887,PEREZ v. STURGIS PUBLIC SCHOOLS,3/21/2023,BMKavanaugh,voted with majority or plurality,Petitioner,Petitioner/Appellant won
2022,1710,21-887,PEREZ v. STURGIS PUBLIC SCHOOLS,3/21/2023,ACBarrett,voted with majority or plurality,Petitioner,Petitioner/Appellant won
2022,1710,21-887,PEREZ v. STURGIS PUBLIC SCHOOLS,3/21/2023,KBJackson,voted with majority or plurality,Petitioner,Petitioner/Appellant won
2022,1710,21-1333,GONZALEZ v. GOOGLE LLC,5/18/2023,JGRoberts,voted with majority or plurality,Respondent,Respondent/Appellee won
2022,1710,21-1333,GONZALEZ v. GOOGLE LLC,5/18/2023,CThomas,voted with majority or plurality,Respondent,Respondent/Appellee won
2022,1710,21-1333,GONZALEZ v. GOOGLE LLC,5/18/2023,SAAlito,voted with majority or plurality,Respondent,Respondent/Appellee won
2022,1710,21-1333,GONZALEZ v. GOOGLE LLC,5/18/2023,SSotomayor,voted with majority or plurality,Respondent,Respondent/Appellee won
2022,1710,21-1333,GONZALEZ v. GOOGLE LLC,5/18/2023,EKagan,voted with majority or plurality,Respondent,Respondent/Appellee won
2022,1710,21-1333,GONZALEZ v. GOOGLE LLC,5/18/2023,NMGorsuch,voted with majority or plurality,Respondent,Respondent/Appellee won
2022,1710,21-1333,GONZALEZ v. GOOGLE LLC,5/18/2023,BMKavanaugh,voted with majority or plurality,Respondent,Respondent/Appellee won
2022,1710,21-1333,GONZALEZ v. GOOGLE LLC,5/18/2023,ACBarrett,voted with majority or plurality,Respondent,Respondent/Appellee won
2022,1710,21-1333,GONZALEZ v. GOOGLE LLC,5/18/2023,KBJackson,voted with majority or plurality,Respondent,Respondent/Appellee won
2022,1710,21-1496,TWITTER v. TAAMNEH,5/18/2023,JGRoberts,voted with majority or plurality,Petitioner,Petitioner/Appellant won
2022,1710,21-1496,TWITTER v. TAAMNEH,5/18/2023,CThomas,voted with majority or plurality,Petitioner,Petitioner/Appellant won
2022,1710,21-1496,TWITTER v. TAAMNEH,5/18/2023,SAAlito,voted with majority or plurality,Petitioner,Petitioner/Appellant won
2022,1710,21-1496,TWITTER v. TAAMNEH,5/18/2023,SSotomayor,voted with majority or plurality,Petitioner,Petitioner/Appellant won
2022,1710,21-1496,TWITTER v. TAAMNEH,5/18/2023,EKagan,voted with majority or plurality,Petitioner,Petitioner/Appellant won
2022,1710,21-1496,TWITTER v. TAAMNEH,5/18/2023,NMGorsuch,voted with majority or plurality,Petitioner,Petitioner/Appellant won
2022,1710,21-1496,TWITTER v. TAAMNEH,5/18/2023,BMKavanaugh,voted with majority or plurality,Petitioner,Petitioner/Appellant won
2022,1710,21-1496,TWITTER v. TAAMNEH,5/18/2023,ACBarrett,voted with majority or plurality,Petitioner,Petitioner/Appellant won
2022,1710,21-1496,TWITTER v. TAAMNEH,5/18/2023,KBJackson,regular concurrence,Petitioner,Petitioner/Appellant won
2022,1710,22-10,DUBIN v. UNITED STATES,6/8/2023,JGRoberts,voted with majority or plurality,Petitioner,Petitioner/Appellant won
2022,1710,22-10,DUBIN v. UNITED STATES,6/8/2023,CThomas,voted with majority or plurality,Petitioner,Petitioner/Appellant won
2022,1710,22-10,DUBIN v. UNITED STATES,6/8/2023,SAAlito,voted with majority or plurality,Petitioner,Petitioner/Appellant won
2022,1710,22-10,DUBIN v. UNITED STATES,6/8/2023,SSotomayor,voted with majority or plurality,Petitioner,Petitioner/Appellant won
2022,1710,22-10,DUBIN v. UNITED STATES,6/8/2023,EKagan,voted with majority or plurality,Petitioner,Petitioner/Appellant won
2022,1710,22-10,DUBIN v. UNITED STATES,6/8/2023,NMGorsuch,special concurrence,Petitioner,Petitioner/Appellant won
2022,1710,22-10,DUBIN v. UNITED STATES,6/8/2023,BMKavanaugh,voted with majority or plurality,Petitioner,Petitioner/Appellant won
2022,1710,22-10,DUBIN v. UNITED STATES,6/8/2023,ACBarrett,voted with majority or plurality,Petitioner,Petitioner/Appellant won
2022,1710,22-10,DUBIN v. UNITED STATES,6/8/2023,KBJackson,voted with majority or plurality,Petitioner,Petitioner/Appellant won
2022,1710,22-506,BIDEN v. NEBRASKA,6/30/2023,JGRoberts,voted with majority or plurality,Petitioner,Petitioner/Appellant won
2022,1710,22-506,BIDEN v. NEBRASKA,6/30/2023,CThomas,voted with majority or plurality,Petitioner,Petitioner/Appellant won
2022,1710,22-506,BIDEN v. NEBRASKA,6/30/2023,SAAlito,voted with majority or plurality,Petitioner,Petitioner/Appellant won
2022,1710,22-506,BIDEN v. NEBRASKA,6/30/2023,SSotomayor,dissent,Respondent,Petitioner/Appellant won
2022,1710,22-506,BIDEN v. NEBRASKA,6/30/2023,EKagan,dissent,Respondent,Petitioner/Appellant won
2022,1710,22-506,BIDEN v. NEBRASKA,6/30/2023,NMGorsuch,voted with majority or plurality,Petitioner,Petitioner/Appellant won
2022,1710,22-506,BIDEN v. NEBRASKA,6/30/2023,BMKavanaugh,voted with majority or plurality,Petitioner,Petitioner/Appellant won
2022,1710,22-506,BIDEN v. NEBRASKA,6/30/2023,ACBarrett,regular concurrence,Petitioner,Petitioner/Appellant won
2022,1710,22-506,BIDEN v. NEBRASKA,6/30/2023,KBJackson,dissent,Respondent,Petitioner/Appellant won
2022,1710,22-535,DEPARTMENT OF EDUCATION v. BROWN,6/30/2023,JGRoberts,voted with majority or plurality,Petitioner,Petitioner/Appellant won
2022,1710,22-535,DEPARTMENT OF EDUCATION v. BROWN,6/30/2023,CThomas,voted with majority or plurality,Petitioner,Petitioner/Appellant won
2022,1710,22-535,DEPARTMENT OF EDUCATION v. BROWN,6/30/2023,SAAlito,voted with majority or plurality,Petitioner,Petitioner/Appellant won
2022,1710,22-535,DEPARTMENT OF EDUCATION v. BROWN,6/30/2023,SSotomayor,voted with majority or plurality,Petitioner,Petitioner/Appellant won
2022,1710,22-535,DEPARTMENT OF EDUCATION v. BROWN,6/30/2023,EKagan,voted with majority or plurality,Petitioner,Petitioner/Appellant won
2022,1710,22-535,DEPARTMENT OF EDUCATION v. BROWN,6/30/2023,NMGorsuch,voted with majority or plurality,Petitioner,Petitioner/Appellant won
2022,1710,22-535,DEPARTMENT OF EDUCATION v. BROWN,6/30/2023,BMKavanaugh,voted with majority or plurality,Petitioner,Petitioner/Appellant won
2022,1710,22-535,DEPARTMENT OF EDUCATION v. BROWN,6/30/2023,ACBarrett,voted with majority or plurality,Petitioner,Petitioner/Appellant won
2022,1710,22-535,DEPARTMENT OF EDUCATION v. BROWN,6/30/2023,KBJackson,voted with majority or plurality,Petitioner,Petitioner/Appellant won
2022,1710,22O156,NEW YORK v. NEW JERSEY,4/18/2023,JGRoberts,voted with majority or plurality,Petitioner,Petitioner/Appellant won
2022,1710,22O156,NEW YORK v. NEW JERSEY,4/18/2023,CThomas,voted with majority or plurality,Petitioner,Petitioner/Appellant won
2022,1710,22O156,NEW YORK v. NEW JERSEY,4/18/2023,SAAlito,voted with majority or plurality,Petitioner,Petitioner/Appellant won
2022,1710,22O156,NEW YORK v. NEW JERSEY,4/18/2023,SSotomayor,voted with majority or plurality,Petitioner,Petitioner/Appellant won
2022,1710,22O156,NEW YORK v. NEW JERSEY,4/18/2023,EKagan,voted with majority or plurality,Petitioner,Petitioner/Appellant won
2022,1710,22O156,NEW YORK v. NEW JERSEY,4/18/2023,NMGorsuch,voted with majority or plurality,Petitioner,Petitioner/Appellant won
2022,1710,22O156,NEW YORK v. NEW JERSEY,4/18/2023,BMKavanaugh,voted with majority or plurality,Petitioner,Petitioner/Appellant won
2022,1710,22O156,NEW YORK v. NEW JERSEY,4/18/2023,ACBarrett,voted with majority or plurality,Petitioner,Petitioner/Appellant won
2022,1710,22O156,NEW YORK v. NEW JERSEY,4/18/2023,KBJackson,voted with majority or plurality,Petitioner,Petitioner/Appellant won
2022,1710,22-179,UNITED STATES v. HANSEN,6/23/2023,JGRoberts,voted with majority or plurality,Petitioner,Petitioner/Appellant won
2022,1710,22-179,UNITED STATES v. HANSEN,6/23/2023,CThomas,regular concurrence,Petitioner,Petitioner/Appellant won
2022,1710,22-179,UNITED STATES v. HANSEN,6/23/2023,SAAlito,voted with majority or plurality,Petitioner,Petitioner/Appellant won
2022,1710,22-179,UNITED STATES v. HANSEN,6/23/2023,SSotomayor,dissent,Respondent,Petitioner/Appellant won
2022,1710,22-179,UNITED STATES v. HANSEN,6/23/2023,EKagan,voted with majority or plurality,Petitioner,Petitioner/Appellant won
2022,1710,22-179,UNITED STATES v. HANSEN,6/23/2023,NMGorsuch,voted with majority or plurality,Petitioner,Petitioner/Appellant won
2022,1710,22-179,UNITED STATES v. HANSEN,6/23/2023,BMKavanaugh,voted with majority or plurality,Petitioner,Petitioner/Appellant won
2022,1710,22-179,UNITED STATES v. HANSEN,6/23/2023,ACBarrett,voted with majority or plurality,Petitioner,Petitioner/Appellant won
2022,1710,22-179,UNITED STATES v. HANSEN,6/23/2023,KBJackson,dissent,Respondent,Petitioner/Appellant won
2022,1710,21-1484,ARIZONA v. NAVAJO NATION,6/22/2023,JGRoberts,voted with majority or plurality,Petitioner,Petitioner/Appellant won
2022,1710,21-1484,ARIZONA v. NAVAJO NATION,6/22/2023,CThomas,regular concurrence,Petitioner,Petitioner/Appellant won
2022,1710,21-1484,ARIZONA v. NAVAJO NATION,6/22/2023,SAAlito,voted with majority or plurality,Petitioner,Petitioner/Appellant won
2022,1710,21-1484,ARIZONA v. NAVAJO NATION,6/22/2023,SSotomayor,dissent,Respondent,Petitioner/Appellant won
2022,1710,21-1484,ARIZONA v. NAVAJO NATION,6/22/2023,EKagan,dissent,Respondent,Petitioner/Appellant won
2022,1710,21-1484,ARIZONA v. NAVAJO NATION,6/22/2023,NMGorsuch,dissent,Respondent,Petitioner/Appellant won
2022,1710,21-1484,ARIZONA v. NAVAJO NATION,6/22/2023,BMKavanaugh,voted with majority or plurality,Petitioner,Petitioner/Appellant won
2022,1710,21-1484,ARIZONA v. NAVAJO NATION,6/22/2023,ACBarrett,voted with majority or plurality,Petitioner,Petitioner/Appellant won
2022,1710,21-1484,ARIZONA v. NAVAJO NATION,6/22/2023,KBJackson,dissent,Respondent,Petitioner/Appellant won
2022,1710,22-105,"COINBASE, INC. v. BIELSKI",6/23/2023,JGRoberts,voted with majority or plurality,Petitioner,Petitioner/Appellant won
2022,1710,22-105,"COINBASE, INC. v. BIELSKI",6/23/2023,CThomas,dissent,Respondent,Petitioner/Appellant won
2022,1710,22-105,"COINBASE, INC. v. BIELSKI",6/23/2023,SAAlito,voted with majority or plurality,Petitioner,Petitioner/Appellant won
2022,1710,22-105,"COINBASE, INC. v. BIELSKI",6/23/2023,SSotomayor,dissent,Respondent,Petitioner/Appellant won
2022,1710,22-105,"COINBASE, INC. v. BIELSKI",6/23/2023,EKagan,dissent,Respondent,Petitioner/Appellant won
2022,1710,22-105,"COINBASE, INC. v. BIELSKI",6/23/2023,NMGorsuch,voted with majority or plurality,Petitioner,Petitioner/Appellant won
2022,1710,22-105,"COINBASE, INC. v. BIELSKI",6/23/2023,BMKavanaugh,voted with majority or plurality,Petitioner,Petitioner/Appellant won
2022,1710,22-105,"COINBASE, INC. v. BIELSKI",6/23/2023,ACBarrett,voted with majority or plurality,Petitioner,Petitioner/Appellant won
2022,1710,22-105,"COINBASE, INC. v. BIELSKI",6/23/2023,KBJackson,dissent,Respondent,Petitioner/Appellant won
2022,1710,21-1043,ABITRON AUSTRIA GMBH v. HETRONIC INT'L,6/29/2023,JGRoberts,special concurrence,Petitioner,Petitioner/Appellant won
2022,1710,21-1043,ABITRON AUSTRIA GMBH v. HETRONIC INT'L,6/29/2023,CThomas,voted with majority or plurality,Petitioner,Petitioner/Appellant won
2022,1710,21-1043,ABITRON AUSTRIA GMBH v. HETRONIC INT'L,6/29/2023,SAAlito,voted with majority or plurality,Petitioner,Petitioner/Appellant won
2022,1710,21-1043,ABITRON AUSTRIA GMBH v. HETRONIC INT'L,6/29/2023,SSotomayor,special concurrence,Petitioner,Petitioner/Appellant won
2022,1710,21-1043,ABITRON AUSTRIA GMBH v. HETRONIC INT'L,6/29/2023,EKagan,special concurrence,Petitioner,Petitioner/Appellant won
2022,1710,21-1043,ABITRON AUSTRIA GMBH v. HETRONIC INT'L,6/29/2023,NMGorsuch,voted with majority or plurality,Petitioner,Petitioner/Appellant won
2022,1710,21-1043,ABITRON AUSTRIA GMBH v. HETRONIC INT'L,6/29/2023,BMKavanaugh,voted with majority or plurality,Petitioner,Petitioner/Appellant won
2022,1710,21-1043,ABITRON AUSTRIA GMBH v. HETRONIC INT'L,6/29/2023,ACBarrett,special concurrence,Petitioner,Petitioner/Appellant won
2022,1710,21-1043,ABITRON AUSTRIA GMBH v. HETRONIC INT'L,6/29/2023,KBJackson,regular concurrence,Petitioner,Petitioner/Appellant won
2022,1710,22-148,JACK DANIELS PROPERTIES v. VIP PRODUCTS LLC,6/8/2023,JGRoberts,voted with majority or plurality,Petitioner,Petitioner/Appellant won
2022,1710,22-148,JACK DANIELS PROPERTIES v. VIP PRODUCTS LLC,6/8/2023,CThomas,regular concurrence,Petitioner,Petitioner/Appellant won
2022,1710,22-148,JACK DANIELS PROPERTIES v. VIP PRODUCTS LLC,6/8/2023,SAAlito,regular concurrence,Petitioner,Petitioner/Appellant won
2022,1710,22-148,JACK DANIELS PROPERTIES v. VIP PRODUCTS LLC,6/8/2023,SSotomayor,regular concurrence,Petitioner,Petitioner/Appellant won
2022,1710,22-148,JACK DANIELS PROPERTIES v. VIP PRODUCTS LLC,6/8/2023,EKagan,voted with majority or plurality,Petitioner,Petitioner/Appellant won
2022,1710,22-148,JACK DANIELS PROPERTIES v. VIP PRODUCTS LLC,6/8/2023,NMGorsuch,regular concurrence,Petitioner,Petitioner/Appellant won
2022,1710,22-148,JACK DANIELS PROPERTIES v. VIP PRODUCTS LLC,6/8/2023,BMKavanaugh,voted with majority or plurality,Petitioner,Petitioner/Appellant won
2022,1710,22-148,JACK DANIELS PROPERTIES v. VIP PRODUCTS LLC,6/8/2023,ACBarrett,regular concurrence,Petitioner,Petitioner/Appellant won
2022,1710,22-148,JACK DANIELS PROPERTIES v. VIP PRODUCTS LLC,6/8/2023,KBJackson,voted with majority or plurality,Petitioner,Petitioner/Appellant won
2022,1710,21-757,AMGEN INC. v. SANOFI,5/18/2023,JGRoberts,voted with majority or plurality,Respondent,Respondent/Appellee won
2022,1710,21-757,AMGEN INC. v. SANOFI,5/18/2023,CThomas,voted with majority or plurality,Respondent,Respondent/Appellee won
2022,1710,21-757,AMGEN INC. v. SANOFI,5/18/2023,SAAlito,voted with majority or plurality,Respondent,Respondent/Appellee won
2022,1710,21-757,AMGEN INC. v. SANOFI,5/18/2023,SSotomayor,voted with majority or plurality,Respondent,Respondent/Appellee won
2022,1710,21-757,AMGEN INC. v. SANOFI,5/18/2023,EKagan,voted with majority or plurality,Respondent,Respondent/Appellee won
2022,1710,21-757,AMGEN INC. v. SANOFI,5/18/2023,NMGorsuch,voted with majority or plurality,Respondent,Respondent/Appellee won
2022,1710,21-757,AMGEN INC. v. SANOFI,5/18/2023,BMKavanaugh,voted with majority or plurality,Respondent,Respondent/Appellee won
2022,1710,21-757,AMGEN INC. v. SANOFI,5/18/2023,ACBarrett,voted with majority or plurality,Respondent,Respondent/Appellee won
2022,1710,21-757,AMGEN INC. v. SANOFI,5/18/2023,KBJackson,voted with majority or plurality,Respondent,Respondent/Appellee won
2022,1710,22-49,LORA v. UNITED STATES,6/16/2023,JGRoberts,voted with majority or plurality,Petitioner,Petitioner/Appellant won
2022,1710,22-49,LORA v. UNITED STATES,6/16/2023,CThomas,voted with majority or plurality,Petitioner,Petitioner/Appellant won
2022,1710,22-49,LORA v. UNITED STATES,6/16/2023,SAAlito,voted with majority or plurality,Petitioner,Petitioner/Appellant won
2022,1710,22-49,LORA v. UNITED STATES,6/16/2023,SSotomayor,voted with majority or plurality,Petitioner,Petitioner/Appellant won
2022,1710,22-49,LORA v. UNITED STATES,6/16/2023,EKagan,voted with majority or plurality,Petitioner,Petitioner/Appellant won
2022,1710,22-49,LORA v. UNITED STATES,6/16/2023,NMGorsuch,voted with majority or plurality,Petitioner,Petitioner/Appellant won
2022,1710,22-49,LORA v. UNITED STATES,6/16/2023,BMKavanaugh,voted with majority or plurality,Petitioner,Petitioner/Appellant won
2022,1710,22-49,LORA v. UNITED STATES,6/16/2023,ACBarrett,voted with majority or plurality,Petitioner,Petitioner/Appellant won
2022,1710,22-49,LORA v. UNITED STATES,6/16/2023,KBJackson,voted with majority or plurality,Petitioner,Petitioner/Appellant won
2022,1710,21-1576,SMITH v. UNITED STATES,6/15/2023,JGRoberts,voted with majority or plurality,Respondent,Respondent/Appellee won
2022,1710,21-1576,SMITH v. UNITED STATES,6/15/2023,CThomas,voted with majority or plurality,Respondent,Respondent/Appellee won
2022,1710,21-1576,SMITH v. UNITED STATES,6/15/2023,SAAlito,voted with majority or plurality,Respondent,Respondent/Appellee won
2022,1710,21-1576,SMITH v. UNITED STATES,6/15/2023,SSotomayor,voted with majority or plurality,Respondent,Respondent/Appellee won
2022,1710,21-1576,SMITH v. UNITED STATES,6/15/2023,EKagan,voted with majority or plurality,Respondent,Respondent/Appellee won
2022,1710,21-1576,SMITH v. UNITED STATES,6/15/2023,NMGorsuch,voted with majority or plurality,Respondent,Respondent/Appellee won
2022,1710,21-1576,SMITH v. UNITED STATES,6/15/2023,BMKavanaugh,voted with majority or plurality,Respondent,Respondent/Appellee won
2022,1710,21-1576,SMITH v. UNITED STATES,6/15/2023,ACBarrett,voted with majority or plurality,Respondent,Respondent/Appellee won
2022,1710,21-1576,SMITH v. UNITED STATES,6/15/2023,KBJackson,voted with majority or plurality,Respondent,Respondent/Appellee won
2022,1710,22-196,SAMIA v. UNITED STATES,6/23/2023,JGRoberts,voted with majority or plurality,Respondent,Respondent/Appellee won
2022,1710,22-196,SAMIA v. UNITED STATES,6/23/2023,CThomas,voted with majority or plurality,Respondent,Respondent/Appellee won
2022,1710,22-196,SAMIA v. UNITED STATES,6/23/2023,SAAlito,voted with majority or plurality,Respondent,Respondent/Appellee won
2022,1710,22-196,SAMIA v. UNITED STATES,6/23/2023,SSotomayor,dissent,Petitioner,Respondent/Appellee won
2022,1710,22-196,SAMIA v. UNITED STATES,6/23/2023,EKagan,dissent,Petitioner,Respondent/Appellee won
2022,1710,22-196,SAMIA v. UNITED STATES,6/23/2023,NMGorsuch,voted with majority or plurality,Respondent,Respondent/Appellee won
2022,1710,22-196,SAMIA v. UNITED STATES,6/23/2023,BMKavanaugh,voted with majority or plurality,Respondent,Respondent/Appellee won
2022,1710,22-196,SAMIA v. UNITED STATES,6/23/2023,ACBarrett,special concurrence,Respondent,Respondent/Appellee won
2022,1710,22-196,SAMIA v. UNITED STATES,6/23/2023,KBJackson,dissent,Petitioner,Respondent/Appellee won
2022,1710,21-1599,POLSELLI v. INTERNAL REVENUE SERVICE,5/18/2023,JGRoberts,voted with majority or plurality,Respondent,Respondent/Appellee won
2022,1710,21-1599,POLSELLI v. INTERNAL REVENUE SERVICE,5/18/2023,CThomas,voted with majority or plurality,Respondent,Respondent/Appellee won
2022,1710,21-1599,POLSELLI v. INTERNAL REVENUE SERVICE,5/18/2023,SAAlito,voted with majority or plurality,Respondent,Respondent/Appellee won
2022,1710,21-1599,POLSELLI v. INTERNAL REVENUE SERVICE,5/18/2023,SSotomayor,voted with majority or plurality,Respondent,Respondent/Appellee won
2022,1710,21-1599,POLSELLI v. INTERNAL REVENUE SERVICE,5/18/2023,EKagan,voted with majority or plurality,Respondent,Respondent/Appellee won
2022,1710,21-1599,POLSELLI v. INTERNAL REVENUE SERVICE,5/18/2023,NMGorsuch,regular concurrence,Respondent,Respondent/Appellee won
2022,1710,21-1599,POLSELLI v. INTERNAL REVENUE SERVICE,5/18/2023,BMKavanaugh,voted with majority or plurality,Respondent,Respondent/Appellee won
2022,1710,21-1599,POLSELLI v. INTERNAL REVENUE SERVICE,5/18/2023,ACBarrett,voted with majority or plurality,Respondent,Respondent/Appellee won
2022,1710,21-1599,POLSELLI v. INTERNAL REVENUE SERVICE,5/18/2023,KBJackson,regular concurrence,Respondent,Respondent/Appellee won
2022,1710,22-200,SLACK TECHNOLOGIES v. PIRANI,6/1/2023,JGRoberts,voted with majority or plurality,Petitioner,Petitioner/Appellant won
2022,1710,22-200,SLACK TECHNOLOGIES v. PIRANI,6/1/2023,CThomas,voted with majority or plurality,Petitioner,Petitioner/Appellant won
2022,1710,22-200,SLACK TECHNOLOGIES v. PIRANI,6/1/2023,SAAlito,voted with majority or plurality,Petitioner,Petitioner/Appellant won
2022,1710,22-200,SLACK TECHNOLOGIES v. PIRANI,6/1/2023,SSotomayor,voted with majority or plurality,Petitioner,Petitioner/Appellant won
2022,1710,22-200,SLACK TECHNOLOGIES v. PIRANI,6/1/2023,EKagan,voted with majority or plurality,Petitioner,Petitioner/Appellant won
2022,1710,22-200,SLACK TECHNOLOGIES v. PIRANI,6/1/2023,NMGorsuch,voted with majority or plurality,Petitioner,Petitioner/Appellant won
2022,1710,22-200,SLACK TECHNOLOGIES v. PIRANI,6/1/2023,BMKavanaugh,voted with majority or plurality,Petitioner,Petitioner/Appellant won
2022,1710,22-200,SLACK TECHNOLOGIES v. PIRANI,6/1/2023,ACBarrett,voted with majority or plurality,Petitioner,Petitioner/Appellant won
2022,1710,22-200,SLACK TECHNOLOGIES v. PIRANI,6/1/2023,KBJackson,voted with majority or plurality,Petitioner,Petitioner/Appellant won
2022,1710,22-23,PUGIN v. GARLAND,6/22/2023,JGRoberts,voted with majority or plurality,Respondent,Respondent/Appellee won
2022,1710,22-23,PUGIN v. GARLAND,6/22/2023,CThomas,voted with majority or plurality,Respondent,Respondent/Appellee won
2022,1710,22-23,PUGIN v. GARLAND,6/22/2023,SAAlito,voted with majority or plurality,Respondent,Respondent/Appellee won
2022,1710,22-23,PUGIN v. GARLAND,6/22/2023,SSotomayor,dissent,Petitioner,Respondent/Appellee won
2022,1710,22-23,PUGIN v. GARLAND,6/22/2023,EKagan,dissent,Petitioner,Respondent/Appellee won
2022,1710,22-23,PUGIN v. GARLAND,6/22/2023,NMGorsuch,dissent,Petitioner,Respondent/Appellee won
2022,1710,22-23,PUGIN v. GARLAND,6/22/2023,BMKavanaugh,voted with majority or plurality,Respondent,Respondent/Appellee won
2022,1710,22-23,PUGIN v. GARLAND,6/22/2023,ACBarrett,voted with majority or plurality,Respondent,Respondent/Appellee won
2022,1710,22-23,PUGIN v. GARLAND,6/22/2023,KBJackson,regular concurrence,Respondent,Respondent/Appellee won
2022,1710,22-174,GROFF v. DEJOY,6/29/2023,JGRoberts,voted with majority or plurality,Petitioner,Petitioner/Appellant won
2022,1710,22-174,GROFF v. DEJOY,6/29/2023,CThomas,voted with majority or plurality,Petitioner,Petitioner/Appellant won
2022,1710,22-174,GROFF v. DEJOY,6/29/2023,SAAlito,voted with majority or plurality,Petitioner,Petitioner/Appellant won
2022,1710,22-174,GROFF v. DEJOY,6/29/2023,SSotomayor,regular concurrence,Petitioner,Petitioner/Appellant won
2022,1710,22-174,GROFF v. DEJOY,6/29/2023,EKagan,voted with majority or plurality,Petitioner,Petitioner/Appellant won
2022,1710,22-174,GROFF v. DEJOY,6/29/2023,NMGorsuch,voted with majority or plurality,Petitioner,Petitioner/Appellant won
2022,1710,22-174,GROFF v. DEJOY,6/29/2023,BMKavanaugh,voted with majority or plurality,Petitioner,Petitioner/Appellant won
2022,1710,22-174,GROFF v. DEJOY,6/29/2023,ACBarrett,voted with majority or plurality,Petitioner,Petitioner/Appellant won
2022,1710,22-174,GROFF v. DEJOY,6/29/2023,KBJackson,regular concurrence,Petitioner,Petitioner/Appellant won
2022,1710,21-1326,UNITED STATES EX REL. SCHUTTE v. SUPERVALU INC.,6/1/2023,JGRoberts,voted with majority or plurality,Petitioner,Petitioner/Appellant won
2022,1710,21-1326,UNITED STATES EX REL. SCHUTTE v. SUPERVALU INC.,6/1/2023,CThomas,voted with majority or plurality,Petitioner,Petitioner/Appellant won
2022,1710,21-1326,UNITED STATES EX REL. SCHUTTE v. SUPERVALU INC.,6/1/2023,SAAlito,voted with majority or plurality,Petitioner,Petitioner/Appellant won
2022,1710,21-1326,UNITED STATES EX REL. SCHUTTE v. SUPERVALU INC.,6/1/2023,SSotomayor,voted with majority or plurality,Petitioner,Petitioner/Appellant won
2022,1710,21-1326,UNITED STATES EX REL. SCHUTTE v. SUPERVALU INC.,6/1/2023,EKagan,voted with majority or plurality,Petitioner,Petitioner/Appellant won
2022,1710,21-1326,UNITED STATES EX REL. SCHUTTE v. SUPERVALU INC.,6/1/2023,NMGorsuch,voted with majority or plurality,Petitioner,Petitioner/Appellant won
2022,1710,21-1326,UNITED STATES EX REL. SCHUTTE v. SUPERVALU INC.,6/1/2023,BMKavanaugh,voted with majority or plurality,Petitioner,Petitioner/Appellant won
2022,1710,21-1326,UNITED STATES EX REL. SCHUTTE v. SUPERVALU INC.,6/1/2023,ACBarrett,voted with majority or plurality,Petitioner,Petitioner/Appellant won
2022,1710,21-1326,UNITED STATES EX REL. SCHUTTE v. SUPERVALU INC.,6/1/2023,KBJackson,voted with majority or plurality,Petitioner,Petitioner/Appellant won
2022,1710,22-138,COUNTERMAN v. COLORADO,6/27/2023,JGRoberts,voted with majority or plurality,Petitioner,Petitioner/Appellant won
2022,1710,22-138,COUNTERMAN v. COLORADO,6/27/2023,CThomas,dissent,Respondent,Petitioner/Appellant won
2022,1710,22-138,COUNTERMAN v. COLORADO,6/27/2023,SAAlito,voted with majority or plurality,Petitioner,Petitioner/Appellant won
2022,1710,22-138,COUNTERMAN v. COLORADO,6/27/2023,SSotomayor,special concurrence,Petitioner,Petitioner/Appellant won
2022,1710,22-138,COUNTERMAN v. COLORADO,6/27/2023,EKagan,voted with majority or plurality,Petitioner,Petitioner/Appellant won
2022,1710,22-138,COUNTERMAN v. COLORADO,6/27/2023,NMGorsuch,special concurrence,Petitioner,Petitioner/Appellant won
2022,1710,22-138,COUNTERMAN v. COLORADO,6/27/2023,BMKavanaugh,voted with majority or plurality,Petitioner,Petitioner/Appellant won
2022,1710,22-138,COUNTERMAN v. COLORADO,6/27/2023,ACBarrett,dissent,Respondent,Petitioner/Appellant won
2022,1710,22-138,COUNTERMAN v. COLORADO,6/27/2023,KBJackson,voted with majority or plurality,Petitioner,Petitioner/Appellant won
2022,1710,22-227,LAC DU FLAMBEAU BAND OF LAKE SUPERIOR CHIPPEWA INDIANS v. COUGHLIN,6/15/2023,JGRoberts,voted with majority or plurality,Respondent,Respondent/Appellee won
2022,1710,22-227,LAC DU FLAMBEAU BAND OF LAKE SUPERIOR CHIPPEWA INDIANS v. COUGHLIN,6/15/2023,CThomas,special concurrence,Respondent,Respondent/Appellee won
2022,1710,22-227,LAC DU FLAMBEAU BAND OF LAKE SUPERIOR CHIPPEWA INDIANS v. COUGHLIN,6/15/2023,SAAlito,voted with majority or plurality,Respondent,Respondent/Appellee won
2022,1710,22-227,LAC DU FLAMBEAU BAND OF LAKE SUPERIOR CHIPPEWA INDIANS v. COUGHLIN,6/15/2023,SSotomayor,voted with majority or plurality,Respondent,Respondent/Appellee won
2022,1710,22-227,LAC DU FLAMBEAU BAND OF LAKE SUPERIOR CHIPPEWA INDIANS v. COUGHLIN,6/15/2023,EKagan,voted with majority or plurality,Respondent,Respondent/Appellee won
2022,1710,22-227,LAC DU FLAMBEAU BAND OF LAKE SUPERIOR CHIPPEWA INDIANS v. COUGHLIN,6/15/2023,NMGorsuch,dissent,Petitioner,Respondent/Appellee won
2022,1710,22-227,LAC DU FLAMBEAU BAND OF LAKE SUPERIOR CHIPPEWA INDIANS v. COUGHLIN,6/15/2023,BMKavanaugh,voted with majority or plurality,Respondent,Respondent/Appellee won
2022,1710,22-227,LAC DU FLAMBEAU BAND OF LAKE SUPERIOR CHIPPEWA INDIANS v. COUGHLIN,6/15/2023,ACBarrett,voted with majority or plurality,Respondent,Respondent/Appellee won
2022,1710,22-227,LAC DU FLAMBEAU BAND OF LAKE SUPERIOR CHIPPEWA INDIANS v. COUGHLIN,6/15/2023,KBJackson,voted with majority or plurality,Respondent,Respondent/Appellee won
2022,1710,22-210,DUPREE v. YOUNGER,5/25/2023,JGRoberts,voted with majority or plurality,Petitioner,Petitioner/Appellant won
2022,1710,22-210,DUPREE v. YOUNGER,5/25/2023,CThomas,voted with majority or plurality,Petitioner,Petitioner/Appellant won
2022,1710,22-210,DUPREE v. YOUNGER,5/25/2023,SAAlito,voted with majority or plurality,Petitioner,Petitioner/Appellant won
2022,1710,22-210,DUPREE v. YOUNGER,5/25/2023,SSotomayor,voted with majority or plurality,Petitioner,Petitioner/Appellant won
2022,1710,22-210,DUPREE v. YOUNGER,5/25/2023,EKagan,voted with majority or plurality,Petitioner,Petitioner/Appellant won
2022,1710,22-210,DUPREE v. YOUNGER,5/25/2023,NMGorsuch,voted with majority or plurality,Petitioner,Petitioner/Appellant won
2022,1710,22-210,DUPREE v. YOUNGER,5/25/2023,BMKavanaugh,voted with majority or plurality,Petitioner,Petitioner/Appellant won
2022,1710,22-210,DUPREE v. YOUNGER,5/25/2023,ACBarrett,voted with majority or plurality,Petitioner,Petitioner/Appellant won
2022,1710,22-210,DUPREE v. YOUNGER,5/25/2023,KBJackson,voted with majority or plurality,Petitioner,Petitioner/Appellant won
2022,1710,22-381,YEGIAZARYAN v. SMAGIN,6/22/2023,JGRoberts,voted with majority or plurality,Respondent,Respondent/Appellee won
2022,1710,22-381,YEGIAZARYAN v. SMAGIN,6/22/2023,CThomas,jurisdictional dissent,Petitioner,Respondent/Appellee won
2022,1710,22-381,YEGIAZARYAN v. SMAGIN,6/22/2023,SAAlito,jurisdictional dissent,Petitioner,Respondent/Appellee won
2022,1710,22-381,YEGIAZARYAN v. SMAGIN,6/22/2023,SSotomayor,voted with majority or plurality,Respondent,Respondent/Appellee won
2022,1710,22-381,YEGIAZARYAN v. SMAGIN,6/22/2023,EKagan,voted with majority or plurality,Respondent,Respondent/Appellee won
2022,1710,22-381,YEGIAZARYAN v. SMAGIN,6/22/2023,NMGorsuch,jurisdictional dissent,Petitioner,Respondent/Appellee won
2022,1710,22-381,YEGIAZARYAN v. SMAGIN,6/22/2023,BMKavanaugh,voted with majority or plurality,Respondent,Respondent/Appellee won
2022,1710,22-381,YEGIAZARYAN v. SMAGIN,6/22/2023,ACBarrett,voted with majority or plurality,Respondent,Respondent/Appellee won
2022,1710,22-381,YEGIAZARYAN v. SMAGIN,6/22/2023,KBJackson,voted with majority or plurality,Respondent,Respondent/Appellee won
2022,1710,22-166,"TYLER v. HENNEPIN COUNTY, MINNESOTA",5/25/2023,JGRoberts,voted with majority or plurality,Petitioner,Petitioner/Appellant won
2022,1710,22-166,"TYLER v. HENNEPIN COUNTY, MINNESOTA",5/25/2023,CThomas,voted with majority or plurality,Petitioner,Petitioner/Appellant won
2022,1710,22-166,"TYLER v. HENNEPIN COUNTY, MINNESOTA",5/25/2023,SAAlito,voted with majority or plurality,Petitioner,Petitioner/Appellant won
2022,1710,22-166,"TYLER v. HENNEPIN COUNTY, MINNESOTA",5/25/2023,SSotomayor,voted with majority or plurality,Petitioner,Petitioner/Appellant won
2022,1710,22-166,"TYLER v. HENNEPIN COUNTY, MINNESOTA",5/25/2023,EKagan,voted with majority or plurality,Petitioner,Petitioner/Appellant won
2022,1710,22-166,"TYLER v. HENNEPIN COUNTY, MINNESOTA",5/25/2023,NMGorsuch,regular concurrence,Petitioner,Petitioner/Appellant won
2022,1710,22-166,"TYLER v. HENNEPIN COUNTY, MINNESOTA",5/25/2023,BMKavanaugh,voted with majority or plurality,Petitioner,Petitioner/Appellant won
2022,1710,22-166,"TYLER v. HENNEPIN COUNTY, MINNESOTA",5/25/2023,ACBarrett,voted with majority or plurality,Petitioner,Petitioner/Appellant won
2022,1710,22-166,"TYLER v. HENNEPIN COUNTY, MINNESOTA",5/25/2023,KBJackson,regular concurrence,Petitioner,Petitioner/Appellant won
2022,1710,22-714,CALCUTT v. FDIC,5/22/2023,JGRoberts,voted with majority or plurality,Petitioner,Petitioner/Appellant won
2022,1710,22-714,CALCUTT v. FDIC,5/22/2023,CThomas,voted with majority or plurality,Petitioner,Petitioner/Appellant won
2022,1710,22-714,CALCUTT v. FDIC,5/22/2023,SAAlito,voted with majority or plurality,Petitioner,Petitioner/Appellant won
2022,1710,22-714,CALCUTT v. FDIC,5/22/2023,SSotomayor,voted with majority or plurality,Petitioner,Petitioner/Appellant won
2022,1710,22-714,CALCUTT v. FDIC,5/22/2023,EKagan,voted with majority or plurality,Petitioner,Petitioner/Appellant won
2022,1710,22-714,CALCUTT v. FDIC,5/22/2023,NMGorsuch,voted with majority or plurality,Petitioner,Petitioner/Appellant won
2022,1710,22-714,CALCUTT v. FDIC,5/22/2023,BMKavanaugh,voted with majority or plurality,Petitioner,Petitioner/Appellant won
2022,1710,22-714,CALCUTT v. FDIC,5/22/2023,ACBarrett,voted with majority or plurality,Petitioner,Petitioner/Appellant won
2022,1710,22-714,CALCUTT v. FDIC,5/22/2023,KBJackson,voted with majority or plurality,Petitioner,Petitioner/Appellant won
2022,1710,22-58,UNITED STATES v. TEXAS,6/23/2023,JGRoberts,voted with majority or plurality,Petitioner,Petitioner/Appellant won
2022,1710,22-58,UNITED STATES v. TEXAS,6/23/2023,CThomas,special concurrence,Petitioner,Petitioner/Appellant won
2022,1710,22-58,UNITED STATES v. TEXAS,6/23/2023,SAAlito,dissent,Respondent,Petitioner/Appellant won
2022,1710,22-58,UNITED STATES v. TEXAS,6/23/2023,SSotomayor,voted with majority or plurality,Petitioner,Petitioner/Appellant won
2022,1710,22-58,UNITED STATES v. TEXAS,6/23/2023,EKagan,voted with majority or plurality,Petitioner,Petitioner/Appellant won
2022,1710,22-58,UNITED STATES v. TEXAS,6/23/2023,NMGorsuch,special concurrence,Petitioner,Petitioner/Appellant won
2022,1710,22-58,UNITED STATES v. TEXAS,6/23/2023,BMKavanaugh,voted with majority or plurality,Petitioner,Petitioner/Appellant won
2022,1710,22-58,UNITED STATES v. TEXAS,6/23/2023,ACBarrett,special concurrence,Petitioner,Petitioner/Appellant won
2022,1710,22-58,UNITED STATES v. TEXAS,6/23/2023,KBJackson,voted with majority or plurality,Petitioner,Petitioner/Appellant won
